,actor,episod,season
0,Jennifer Aniston,E1,S1
1,Courteney Cox,E1,S1
2,Lisa Kudrow,E1,S1
3,Matt LeBlanc,E1,S1
4,Matthew Perry,E1,S1
5,David Schwimmer,E1,S1
6,John Allen Nelson,E1,S1
7,Clea Lewis,E1,S1
8,Cynthia Mann,E1,S1
9,Barry Heins,E1,S1
10,Jennifer Aniston,E2,S1
11,Courteney Cox,E2,S1
12,Lisa Kudrow,E2,S1
13,Matt LeBlanc,E2,S1
14,Matthew Perry,E2,S1
15,David Schwimmer,E2,S1
16,Christina Pickles,E2,S1
17,Anita Barone,E2,S1
18,Jessica Hecht,E2,S1
19,Mitchell Whitfield,E2,S1
20,Elliott Gould,E2,S1
21,Christopher Miranda,E2,S1
22,Joan Pringle,E2,S1
23,Merrill Markoe,E2,S1
24,James Michael Tyler,E2,S1
25,Jennifer Aniston,E3,S1
26,Courteney Cox,E3,S1
27,Lisa Kudrow,E3,S1
28,Matt LeBlanc,E3,S1
29,Matthew Perry,E3,S1
30,David Schwimmer,E3,S1
31,Geoffrey Lower,E3,S1
32,Beth Grant,E3,S1
33,Jenifer Lewis,E3,S1
34,Renee Fishman,E3,S1
35,James Michael Tyler,E3,S1
36,Jennifer Aniston,E4,S1
37,Courteney Cox,E4,S1
38,Lisa Kudrow,E4,S1
39,Matt LeBlanc,E4,S1
40,Matthew Perry,E4,S1
41,David Schwimmer,E4,S1
42,Mary Pat Gleason,E4,S1
43,Marianne Hagan,E4,S1
44,Michele Maika,E4,S1
45,Leesa Zelkin,E4,S1
46,Sean Whalen,E4,S1
47,Benjamin Caya,E4,S1
48,Jeff Astrof,E4,S1
49,Adam Chase,E4,S1
50,Mike Sikowitz,E4,S1
51,James Michael Tyler,E4,S1
52,Jennifer Aniston,E5,S1
53,Courteney Cox,E5,S1
54,Lisa Kudrow,E5,S1
55,Matt LeBlanc,E5,S1
56,Matthew Perry,E5,S1
57,David Schwimmer,E5,S1
58,Camille Saviola,E5,S1
59,Kim Gillingham,E5,S1
60,Jack Armstrong,E5,S1
61,Maggie Wheeler,E5,S1
62,Gorja Max,E5,S1
63,James Michael Tyler,E5,S1
64,Jennifer Aniston,E6,S1
65,Courteney Cox,E6,S1
66,Lisa Kudrow,E6,S1
67,Matt LeBlanc,E6,S1
68,Matthew Perry,E6,S1
69,David Schwimmer,E6,S1
70,Sofia Milos,E6,S1
71,June Gable,E6,S1
72,James Burrows,E6,S1
73,Jillian Fontaine,E6,S1
74,Bryan Hanna,E6,S1
75,Jennifer Aniston,E7,S1
76,Courteney Cox,E7,S1
77,Lisa Kudrow,E7,S1
78,Matt LeBlanc,E7,S1
79,Matthew Perry,E7,S1
80,David Schwimmer,E7,S1
81,Jill Goodacre,E7,S1
82,Larry Hankin,E7,S1
83,Cosimo Fusco,E7,S1
84,Jennifer Aniston,E8,S1
85,Courteney Cox,E8,S1
86,Lisa Kudrow,E8,S1
87,Matt LeBlanc,E8,S1
88,Matthew Perry,E8,S1
89,David Schwimmer,E8,S1
90,Christina Pickles,E8,S1
91,Elinor Donahue,E8,S1
92,Nancy Cassaro,E8,S1
93,Stuart Fratkin,E8,S1
94,Elliott Gould,E8,S1
95,Carolyn Lowery,E8,S1
96,Marilyn Tokuda,E8,S1
97,Alice Drummond,E8,S1
98,David Sobel,E8,S1
99,James Michael Tyler,E8,S1
100,Jennifer Aniston,E9,S1
101,Courteney Cox,E9,S1
102,Lisa Kudrow,E9,S1
103,Matt LeBlanc,E9,S1
104,Matthew Perry,E9,S1
105,David Schwimmer,E9,S1
106,Jane Sibbett,E9,S1
107,Max Wright,E9,S1
108,Jessica Hecht,E9,S1
109,Lara Harris,E9,S1
110,James Michael Tyler,E9,S1
111,Jennifer Aniston,E10,S1
112,Courteney Cox,E10,S1
113,Lisa Kudrow,E10,S1
114,Matt LeBlanc,E10,S1
115,Matthew Perry,E10,S1
116,David Schwimmer,E10,S1
117,Hank Azaria,E10,S1
118,Vincent Ventresca,E10,S1
119,Maggie Wheeler,E10,S1
120,Wayne Pére,E10,S1
121,Sarah MacDonnell,E10,S1
122,Dick Clark,E10,S1
123,Katie,E10,S1
124,James Michael Tyler,E10,S1
125,Jennifer Aniston,E11,S1
126,Courteney Cox,E11,S1
127,Lisa Kudrow,E11,S1
128,Matt LeBlanc,E11,S1
129,Matthew Perry,E11,S1
130,David Schwimmer,E11,S1
131,Morgan Fairchild,E11,S1
132,Cosimo Fusco,E11,S1
133,David Sederholm,E11,S1
134,Jay Leno,E11,S1
135,James Michael Tyler,E11,S1
136,Jennifer Aniston,E12,S1
137,Courteney Cox,E12,S1
138,Lisa Kudrow,E12,S1
139,Matt LeBlanc,E12,S1
140,Matthew Perry,E12,S1
141,David Schwimmer,E12,S1
142,Jane Sibbett,E12,S1
143,Jessica Hecht,E12,S1
144,Cosimo Fusco,E12,S1
145,Cynthia Mann,E12,S1
146,Jo Jean Pagano,E12,S1
147,James Michael Tyler,E12,S1
148,Jennifer Aniston,E13,S1
149,Courteney Cox,E13,S1
150,Lisa Kudrow,E13,S1
151,Matt LeBlanc,E13,S1
152,Matthew Perry,E13,S1
153,David Schwimmer,E13,S1
154,Robert Costanzo,E13,S1
155,Lee Garlington,E13,S1
156,Fisher Stevens,E13,S1
157,Brenda Vaccaro,E13,S1
158,Jennifer Aniston,E14,S1
159,Courteney Cox,E14,S1
160,Lisa Kudrow,E14,S1
161,Matt LeBlanc,E14,S1
162,Matthew Perry,E14,S1
163,David Schwimmer,E14,S1
164,Jane Sibbett,E14,S1
165,Jessica Hecht,E14,S1
166,Heather Medway,E14,S1
167,Nancy Valen,E14,S1
168,Larry Poindexter,E14,S1
169,Jay Acovone,E14,S1
170,Joel Gretsch,E14,S1
171,Maggie Wheeler,E14,S1
172,Jennifer Aniston,E15,S1
173,Courteney Cox,E15,S1
174,Lisa Kudrow,E15,S1
175,Matt LeBlanc,E15,S1
176,Matthew Perry,E15,S1
177,David Schwimmer,E15,S1
178,Melora Hardin,E15,S1
179,Jon Lovitz,E15,S1
180,Fritzi Burr,E15,S1
181,Katie,E15,S1
182,James Michael Tyler,E15,S1
183,Jennifer Aniston,E16,S1
184,Courteney Cox,E16,S1
185,Lisa Kudrow,E16,S1
186,Matt LeBlanc,E16,S1
187,Matthew Perry,E16,S1
188,David Schwimmer,E16,S1
189,Dorien Wilson,E16,S1
190,Jane Sibbett,E16,S1
191,Jessica Hecht,E16,S1
192,Larry Hankin,E16,S1
193,Jennifer Grant,E16,S1
194,Michele Lamar Richards,E16,S1
195,Leila Kenzle,E16,S1
196,Helen Hunt,E16,S1
197,Patty Tiffany,E16,S1
198,Katie,E16,S1
199,Patrick O'Bell,E16,S1
200,James Michael Tyler,E16,S1
201,Jennifer Aniston,E17,S1
202,Courteney Cox,E17,S1
203,Lisa Kudrow,E17,S1
204,Matt LeBlanc,E17,S1
205,Matthew Perry,E17,S1
206,David Schwimmer,E17,S1
207,Elliott Gould,E17,S1
208,Alaina Reed-Hall,E17,S1
209,George Clooney,E17,S1
210,Noah Wyle,E17,S1
211,Baillie Gerstein,E17,S1
212,Katie,E17,S1
213,James Michael Tyler,E17,S1
214,Jennifer Aniston,E18,S1
215,Courteney Cox,E18,S1
216,Lisa Kudrow,E18,S1
217,Matt LeBlanc,E18,S1
218,Matthew Perry,E18,S1
219,David Schwimmer,E18,S1
220,Beverly Garland,E18,S1
221,Katie,E18,S1
222,James Michael Tyler,E18,S1
223,Jennifer Aniston,E19,S1
224,Courteney Cox,E19,S1
225,Lisa Kudrow,E19,S1
226,Matt LeBlanc,E19,S1
227,Matthew Perry,E19,S1
228,David Schwimmer,E19,S1
229,Mitchell Whitfield,E19,S1
230,Megan Cavanagh,E19,S1
231,Larry Hankin,E19,S1
232,Angela Visser,E19,S1
233,Elizabeth Sjoli,E19,S1
234,Katie,E19,S1
235,James Michael Tyler,E19,S1
236,Jennifer Aniston,E20,S1
237,Courteney Cox,E20,S1
238,Lisa Kudrow,E20,S1
239,Matt LeBlanc,E20,S1
240,Matthew Perry,E20,S1
241,David Schwimmer,E20,S1
242,Jennifer Grey,E20,S1
243,Mitchell Whitfield,E20,S1
244,Lynn Clark,E20,S1
245,Christopher Miranda,E20,S1
246,James Michael Tyler,E20,S1
247,Jennifer Aniston,E21,S1
248,Courteney Cox,E21,S1
249,Lisa Kudrow,E21,S1
250,Matt LeBlanc,E21,S1
251,Matthew Perry,E21,S1
252,David Schwimmer,E21,S1
253,Claudia Shear,E21,S1
254,Karla Tamburrelli,E21,S1
255,Harry Shearer,E21,S1
256,Philip Rayburn Smith,E21,S1
257,Anthony Backman,E21,S1
258,Katie,E21,S1
259,James Michael Tyler,E21,S1
260,Jennifer Aniston,E22,S1
261,Courteney Cox,E22,S1
262,Lisa Kudrow,E22,S1
263,Matt LeBlanc,E22,S1
264,Matthew Perry,E22,S1
265,David Schwimmer,E22,S1
266,Stan Kirsch,E22,S1
267,Brian Buckner,E22,S1
268,Darryl Sivad,E22,S1
269,Anthony Backman,E22,S1
270,James Michael Tyler,E22,S1
271,Jennifer Aniston,E23,S1
272,Courteney Cox,E23,S1
273,Lisa Kudrow,E23,S1
274,Matt LeBlanc,E23,S1
275,Matthew Perry,E23,S1
276,David Schwimmer,E23,S1
277,Jonathan Silverman,E23,S1
278,Jane Sibbett,E23,S1
279,Jessica Hecht,E23,S1
280,Leah Remini,E23,S1
281,June Gable,E23,S1
282,Carlo Imperato,E23,S1
283,Jackie Bright,E23,S1
284,Jennifer Aniston,E24,S1
285,Courteney Cox,E24,S1
286,Lisa Kudrow,E24,S1
287,Matt LeBlanc,E24,S1
288,Matthew Perry,E24,S1
289,David Schwimmer,E24,S1
290,Lauren Tom,E24,S1
291,Corinne Bohrer,E24,S1
292,Tommy Blaze,E24,S1
293,Kerrie Klark,E24,S1
294,Jack Riley,E24,S1
295,Jennifer Aniston,E1,S2
296,Courteney Cox,E1,S2
297,Lisa Kudrow,E1,S2
298,Matt LeBlanc,E1,S2
299,Matthew Perry,E1,S2
300,David Schwimmer,E1,S2
301,Lauren Tom,E1,S2
302,Cosimo Fusco,E1,S2
303,Buck Kartalian,E1,S2
304,Tony Sagastizado I,E1,S2
305,Jennifer Aniston,E2,S2
306,Courteney Cox,E2,S2
307,Lisa Kudrow,E2,S2
308,Matt LeBlanc,E2,S2
309,Matthew Perry,E2,S2
310,David Schwimmer,E2,S2
311,Lauren Tom,E2,S2
312,Jane Sibbett,E2,S2
313,Jessica Hecht,E2,S2
314,Joel Beeson,E2,S2
315,Emily Procter,E2,S2
316,Richard Lyons,E2,S2
317,Stan Sellers,E2,S2
318,Lou Wills,E2,S2
319,Alex Spencer,E2,S2
320,James Michael Tyler,E2,S2
321,Jennifer Aniston,E3,S2
322,Courteney Cox,E3,S2
323,Lisa Kudrow,E3,S2
324,Matt LeBlanc,E3,S2
325,Matthew Perry,E3,S2
326,David Schwimmer,E3,S2
327,Larry Hankin,E3,S2
328,Mike Hagerty,E3,S2
329,Danny Dayton,E3,S2
330,Maggie Wheeler,E3,S2
331,Jennifer Aniston,E4,S2
332,Courteney Cox,E4,S2
333,Lisa Kudrow,E4,S2
334,Matt LeBlanc,E4,S2
335,Matthew Perry,E4,S2
336,David Schwimmer,E4,S2
337,Lauren Tom,E4,S2
338,Steve Zahn,E4,S2
339,Janice Davies,E4,S2
340,James Michael Tyler,E4,S2
341,Jennifer Aniston,E5,S2
342,Courteney Cox,E5,S2
343,Lisa Kudrow,E5,S2
344,Matt LeBlanc,E5,S2
345,Matthew Perry,E5,S2
346,David Schwimmer,E5,S2
347,Brittney Powell,E5,S2
348,Chris Young,E5,S2
349,Spencer Cherashore,E5,S2
350,James Michael Tyler,E5,S2
351,Jennifer Aniston,E6,S2
352,Courteney Cox,E6,S2
353,Lisa Kudrow,E6,S2
354,Matt LeBlanc,E6,S2
355,Matthew Perry,E6,S2
356,David Schwimmer,E6,S2
357,Chrissie Hynde,E6,S2
358,Max Wright,E6,S2
359,Victor Raider-Wexler,E6,S2
360,Catherine Bell,E6,S2
361,Hugh Dane,E6,S2
362,Jennifer Sommerfeld,E6,S2
363,Tony Mendez,E6,S2
364,Giovanni Ribisi,E6,S2
365,Lea Thompson,E6,S2
366,James Michael Tyler,E6,S2
367,Jennifer Aniston,E7,S2
368,Courteney Cox,E7,S2
369,Lisa Kudrow,E7,S2
370,Matt LeBlanc,E7,S2
371,Matthew Perry,E7,S2
372,David Schwimmer,E7,S2
373,Lauren Tom,E7,S2
374,Arye Gross,E7,S2
375,Barry Diamond,E7,S2
376,Marcus Jacques,E7,S2
377,Fritzi Burr,E7,S2
378,James Michael Tyler,E7,S2
379,Jennifer Aniston,E8,S2
380,Courteney Cox,E8,S2
381,Lisa Kudrow,E8,S2
382,Matt LeBlanc,E8,S2
383,Matthew Perry,E8,S2
384,David Schwimmer,E8,S2
385,Lauren Tom,E8,S2
386,Michael McKean,E8,S2
387,James Michael Tyler,E8,S2
388,Jennifer Aniston,E9,S2
389,Courteney Cox,E9,S2
390,Lisa Kudrow,E9,S2
391,Matt LeBlanc,E9,S2
392,Matthew Perry,E9,S2
393,David Schwimmer,E9,S2
394,Audra Lindley,E9,S2
395,Mike Hagerty,E9,S2
396,James Michael Tyler,E9,S2
397,Jennifer Aniston,E10,S2
398,Courteney Cox,E10,S2
399,Lisa Kudrow,E10,S2
400,Matt LeBlanc,E10,S2
401,Matthew Perry,E10,S2
402,David Schwimmer,E10,S2
403,Lauren Tom,E10,S2
404,Vincent Ventresca,E10,S2
405,June Gable,E10,S2
406,Scott Stewart,E10,S2
407,James Michael Tyler,E10,S2
408,Jennifer Aniston,E11,S2
409,Courteney Cox,E11,S2
410,Lisa Kudrow,E11,S2
411,Matt LeBlanc,E11,S2
412,Matthew Perry,E11,S2
413,David Schwimmer,E11,S2
414,Marlo Thomas,E11,S2
415,Jane Sibbett,E11,S2
416,Jessica Hecht,E11,S2
417,Phil Leeds,E11,S2
418,Candace Gingrich,E11,S2
419,Symba,E11,S2
420,Lea DeLaria,E11,S2
421,Jenny Inge,E11,S2
422,James Michael Tyler,E11,S2
423,Jennifer Aniston,E12,S2
424,Courteney Cox,E12,S2
425,Lisa Kudrow,E12,S2
426,Matt LeBlanc,E12,S2
427,Matthew Perry,E12,S2
428,David Schwimmer,E12,S2
429,Chris Isaak,E12,S2
430,Brooke Shields,E12,S2
431,Dan Castellaneta,E12,S2
432,Fred Willard,E12,S2
433,Roark Critchlow,E12,S2
434,Sean Masterson,E12,S2
435,Tahj Mowry,E12,S2
436,Lawrence A. Mandley,E12,S2
437,D. Elliot Woods,E12,S2
438,Karman Kruschke,E12,S2
439,Kevin Bright,E12,S2
440,David Crane,E12,S2
441,Jennifer Aniston,E13,S2
442,Courteney Cox,E13,S2
443,Lisa Kudrow,E13,S2
444,Matt LeBlanc,E13,S2
445,Matthew Perry,E13,S2
446,David Schwimmer,E13,S2
447,Julia Roberts,E13,S2
448,Jean-Claude Van Damme,E13,S2
449,Lisa Roberts Gillan,E13,S2
450,Seth Isler,E13,S2
451,Steven M. Porter,E13,S2
452,Kevin Bright,E13,S2
453,David Crane,E13,S2
454,Katie,E13,S2
455,Marta Kauffman,E13,S2
456,Jennifer Aniston,E14,S2
457,Courteney Cox,E14,S2
458,Lisa Kudrow,E14,S2
459,Matt LeBlanc,E14,S2
460,Matthew Perry,E14,S2
461,David Schwimmer,E14,S2
462,Elliott Gould,E14,S2
463,Patrick Kerr,E14,S2
464,Christina Pickles,E14,S2
465,Michael Bower,E14,S2
466,Lou Thornton,E14,S2
467,Tim Bohn,E14,S2
468,Jennifer Aniston,E15,S2
469,Courteney Cox,E15,S2
470,Lisa Kudrow,E15,S2
471,Matt LeBlanc,E15,S2
472,Matthew Perry,E15,S2
473,David Schwimmer,E15,S2
474,Tom Selleck,E15,S2
475,Jennifer Aniston,E16,S2
476,Courteney Cox,E16,S2
477,Lisa Kudrow,E16,S2
478,Matt LeBlanc,E16,S2
479,Matthew Perry,E16,S2
480,David Schwimmer,E16,S2
481,Tom Selleck,E16,S2
482,Audrie Neenan,E16,S2
483,Elliott Gould,E16,S2
484,Christina Pickles,E16,S2
485,Warren Berlinger,E16,S2
486,Josie DiVincenzo,E16,S2
487,Stephen Samuels,E16,S2
488,Jennifer Aniston,E17,S2
489,Courteney Cox,E17,S2
490,Lisa Kudrow,E17,S2
491,Matt LeBlanc,E17,S2
492,Matthew Perry,E17,S2
493,David Schwimmer,E17,S2
494,Adam Goldberg,E17,S2
495,DeeDee Rescher,E17,S2
496,Barry Heins,E17,S2
497,Linda Lutz,E17,S2
498,Willie Basse,E17,S2
499,Paxton Culpepper,E17,S2
500,James Michael Tyler,E17,S2
501,Jennifer Aniston,E18,S2
502,Courteney Cox,E18,S2
503,Lisa Kudrow,E18,S2
504,Matt LeBlanc,E18,S2
505,Matthew Perry,E18,S2
506,David Schwimmer,E18,S2
507,Tom Selleck,E18,S2
508,Adam Goldberg,E18,S2
509,Roark Critchlow,E18,S2
510,Mary Gallagher,E18,S2
511,Vanessa Sandin,E18,S2
512,Brian Posehn,E18,S2
513,James E. Reilly,E18,S2
514,James Michael Tyler,E18,S2
515,Jennifer Aniston,E19,S2
516,Courteney Cox,E19,S2
517,Lisa Kudrow,E19,S2
518,Matt LeBlanc,E19,S2
519,Matthew Perry,E19,S2
520,David Schwimmer,E19,S2
521,Adam Goldberg,E19,S2
522,June Gable,E19,S2
523,James Michael Tyler,E19,S2
524,Jason Graae,E19,S2
525,Tim Hutchinson,E19,S2
526,Jennifer Aniston,E20,S2
527,Courteney Cox,E20,S2
528,Lisa Kudrow,E20,S2
529,Matt LeBlanc,E20,S2
530,Matthew Perry,E20,S2
531,David Schwimmer,E20,S2
532,Tom Selleck,E20,S2
533,Jane Sibbett,E20,S2
534,Jessica Hecht,E20,S2
535,James Michael Tyler,E20,S2
536,Jennifer Aniston,E21,S2
537,Courteney Cox,E21,S2
538,Lisa Kudrow,E21,S2
539,Matt LeBlanc,E21,S2
540,Matthew Perry,E21,S2
541,David Schwimmer,E21,S2
542,Peter DeLuise,E21,S2
543,Nicky Katt,E21,S2
544,Giovanni Ribisi,E21,S2
545,Laraine Newman,E21,S2
546,James Michael Tyler,E21,S2
547,Jill Melody,E21,S2
548,Richard Saxton,E21,S2
549,Jennifer Aniston,E22,S2
550,Courteney Cox,E22,S2
551,Lisa Kudrow,E22,S2
552,Matt LeBlanc,E22,S2
553,Matthew Perry,E22,S2
554,David Schwimmer,E22,S2
555,Marlo Thomas,E22,S2
556,Ron Leibman,E22,S2
557,James Michael Tyler,E22,S2
558,Nancy Rubin,E22,S2
559,Lewis Dix Jr.,E22,S2
560,Jennifer Aniston,E23,S2
561,Courteney Cox,E23,S2
562,Lisa Kudrow,E23,S2
563,Matt LeBlanc,E23,S2
564,Matthew Perry,E23,S2
565,David Schwimmer,E23,S2
566,Tom Selleck,E23,S2
567,Dorien Wilson,E23,S2
568,Charlie Sheen,E23,S2
569,Mary-Pat Green,E23,S2
570,Steve Park,E23,S2
571,Jennifer Aniston,E24,S2
572,Courteney Cox,E24,S2
573,Lisa Kudrow,E24,S2
574,Matt LeBlanc,E24,S2
575,Matthew Perry,E24,S2
576,David Schwimmer,E24,S2
577,Tom Selleck,E24,S2
578,Maggie Wheeler,E24,S2
579,Mitchell Whitfield,E24,S2
580,Jana Marie Hupp,E24,S2
581,Peter Spears,E24,S2
582,Jackie Bright,E24,S2
583,Fritzi Burr,E24,S2
584,Mindy Sterling,E24,S2
585,Paxton Culpepper,E24,S2
586,Richard Lawrence,E24,S2
587,Jennifer Aniston,E1,S3
588,Courteney Cox,E1,S3
589,Lisa Kudrow,E1,S3
590,Matt LeBlanc,E1,S3
591,Matthew Perry,E1,S3
592,David Schwimmer,E1,S3
593,Maggie Wheeler,E1,S3
594,Christina Pickles,E1,S3
595,Elliott Gould,E1,S3
596,Jennifer Aniston,E2,S3
597,Courteney Cox,E2,S3
598,Lisa Kudrow,E2,S3
599,Matt LeBlanc,E2,S3
600,Matthew Perry,E2,S3
601,David Schwimmer,E2,S3
602,Peter Dennis,E2,S3
603,Tom Selleck,E2,S3
604,Jennifer Aniston,E3,S3
605,Courteney Cox,E3,S3
606,Lisa Kudrow,E3,S3
607,Matt LeBlanc,E3,S3
608,Matthew Perry,E3,S3
609,David Schwimmer,E3,S3
610,David Arquette,E3,S3
611,Maggie Wheeler,E3,S3
612,Jenny Inge,E3,S3
613,James Michael Tyler,E3,S3
614,Jennifer Aniston,E4,S3
615,Courteney Cox,E4,S3
616,Lisa Kudrow,E4,S3
617,Matt LeBlanc,E4,S3
618,Matthew Perry,E4,S3
619,David Schwimmer,E4,S3
620,Jane Sibbett,E4,S3
621,Jessica Hecht,E4,S3
622,Maggie Wheeler,E4,S3
623,Charles Thomas Allen,E4,S3
624,John Christopher Allen,E4,S3
625,Edo Azran,E4,S3
626,Sierra Dawn Hill,E4,S3
627,Mike Levey,E4,S3
628,James Michael Tyler,E4,S3
629,Jennifer Aniston,E5,S3
630,Courteney Cox,E5,S3
631,Lisa Kudrow,E5,S3
632,Matt LeBlanc,E5,S3
633,Matthew Perry,E5,S3
634,David Schwimmer,E5,S3
635,Isabella Rossellini,E5,S3
636,Giovanni Ribisi,E5,S3
637,Cynthia Mann,E5,S3
638,James Michael Tyler,E5,S3
639,Jennifer Aniston,E6,S3
640,Courteney Cox,E6,S3
641,Lisa Kudrow,E6,S3
642,Matt LeBlanc,E6,S3
643,Matthew Perry,E6,S3
644,David Schwimmer,E6,S3
645,Larry Hankin,E6,S3
646,John Lehr,E6,S3
647,Michele Maika,E6,S3
648,Marissa Ribisi,E6,S3
649,Maggie Wheeler,E6,S3
650,Christy L. Medrano,E6,S3
651,Jennifer Aniston,E7,S3
652,Courteney Cox,E7,S3
653,Lisa Kudrow,E7,S3
654,Matt LeBlanc,E7,S3
655,Matthew Perry,E7,S3
656,David Schwimmer,E7,S3
657,Ron Leibman,E7,S3
658,Khalil Kain,E7,S3
659,Maggie Wheeler,E7,S3
660,Mark Cohen,E7,S3
661,Andre Rosey Brown,E7,S3
662,James Michael Tyler,E7,S3
663,Simon Harvey,E7,S3
664,Shashi Bhatia,E7,S3
665,Steven Harad,E7,S3
666,Jennifer Aniston,E8,S3
667,Courteney Cox,E8,S3
668,Lisa Kudrow,E8,S3
669,Matt LeBlanc,E8,S3
670,Matthew Perry,E8,S3
671,David Schwimmer,E8,S3
672,James Michael Tyler,E8,S3
673,Maggie Wheeler,E8,S3
674,Charles Thomas Allen,E8,S3
675,John Christopher Allen,E8,S3
676,Jon Haugen,E8,S3
677,Jennifer Aniston,E9,S3
678,Courteney Cox,E9,S3
679,Lisa Kudrow,E9,S3
680,Matt LeBlanc,E9,S3
681,Matthew Perry,E9,S3
682,David Schwimmer,E9,S3
683,Susanna Midnight,E9,S3
684,Jennifer Aniston,E10,S3
685,Courteney Cox,E10,S3
686,Lisa Kudrow,E10,S3
687,Matt LeBlanc,E10,S3
688,Matthew Perry,E10,S3
689,David Schwimmer,E10,S3
690,Mae Whitman,E10,S3
691,Shelley Berman,E10,S3
692,James Michael Tyler,E10,S3
693,Kyla Pratt,E10,S3
694,Romy Rosemont,E10,S3
695,Sandra Gould,E10,S3
696,Gene Crane,E10,S3
697,Julie Grady Thomas,E10,S3
698,Jennifer Aniston,E11,S3
699,Courteney Cox,E11,S3
700,Lisa Kudrow,E11,S3
701,Matt LeBlanc,E11,S3
702,Matthew Perry,E11,S3
703,David Schwimmer,E11,S3
704,Steven Eckholdt,E11,S3
705,Shelley Berman,E11,S3
706,Mimi Lieber,E11,S3
707,Alex Meneses,E11,S3
708,Penny Santon,E11,S3
709,K.J. Steinberg,E11,S3
710,Lisa Melilli,E11,S3
711,Marcella Cranford,E11,S3
712,Holly Gagnier,E11,S3
713,Thomas James Kepner,E11,S3
714,Lisa Maris,E11,S3
715,Dena Miceli,E11,S3
716,Jennifer Aniston,E12,S3
717,Courteney Cox,E12,S3
718,Lisa Kudrow,E12,S3
719,Matt LeBlanc,E12,S3
720,Matthew Perry,E12,S3
721,David Schwimmer,E12,S3
722,Steven Eckholdt,E12,S3
723,Obba Babatundé,E12,S3
724,Carlos Gómez,E12,S3
725,James Michael Tyler,E12,S3
726,Wendy Schaal,E12,S3
727,Hillary Matthews,E12,S3
728,Jennifer Aniston,E13,S3
729,Courteney Cox,E13,S3
730,Lisa Kudrow,E13,S3
731,Matt LeBlanc,E13,S3
732,Matthew Perry,E13,S3
733,David Schwimmer,E13,S3
734,Tom Selleck,E13,S3
735,James Michael Tyler,E13,S3
736,Markus Flanagan,E13,S3
737,Gina Hecht,E13,S3
738,Steven Harad,E13,S3
739,Robert Aguilar Jr.,E13,S3
740,Laura Bennecke,E13,S3
741,Jennifer Aniston,E14,S3
742,Courteney Cox,E14,S3
743,Lisa Kudrow,E14,S3
744,Matt LeBlanc,E14,S3
745,Matthew Perry,E14,S3
746,David Schwimmer,E14,S3
747,Sherilyn Fenn,E14,S3
748,Steven Eckholdt,E14,S3
749,Elizabeth Daily,E14,S3
750,James Michael Tyler,E14,S3
751,Jennifer Aniston,E15,S3
752,Courteney Cox,E15,S3
753,Lisa Kudrow,E15,S3
754,Matt LeBlanc,E15,S3
755,Matthew Perry,E15,S3
756,David Schwimmer,E15,S3
757,Steven Eckholdt,E15,S3
758,Stephen Kearney,E15,S3
759,Jim Pirri,E15,S3
760,Angela Featherstone,E15,S3
761,Laura Dean,E15,S3
762,Maury Ginsberg,E15,S3
763,Jenny Inge,E15,S3
764,James Michael Tyler,E15,S3
765,Jennifer Aniston,E16,S3
766,Courteney Cox,E16,S3
767,Lisa Kudrow,E16,S3
768,Matt LeBlanc,E16,S3
769,Matthew Perry,E16,S3
770,David Schwimmer,E16,S3
771,Angela Featherstone,E16,S3
772,James Michael Tyler,E16,S3
773,Maury Ginsberg,E16,S3
774,Cynthia Mann,E16,S3
775,Jennifer Aniston,E17,S3
776,Courteney Cox,E17,S3
777,Lisa Kudrow,E17,S3
778,Matt LeBlanc,E17,S3
779,Matthew Perry,E17,S3
780,David Schwimmer,E17,S3
781,Jane Sibbett,E17,S3
782,Jennifer Aniston,E18,S3
783,Courteney Cox,E18,S3
784,Lisa Kudrow,E18,S3
785,Matt LeBlanc,E18,S3
786,Matthew Perry,E18,S3
787,David Schwimmer,E18,S3
788,Jon Favreau,E18,S3
789,Giovanni Ribisi,E18,S3
790,Debra Jo Rupp,E18,S3
791,James Michael Tyler,E18,S3
792,Jeff Brooks,E18,S3
793,Marta Kauffman,E18,S3
794,Jennifer Aniston,E19,S3
795,Courteney Cox,E19,S3
796,Lisa Kudrow,E19,S3
797,Matt LeBlanc,E19,S3
798,Matthew Perry,E19,S3
799,David Schwimmer,E19,S3
800,Steven Eckholdt,E19,S3
801,Jon Favreau,E19,S3
802,Dina Meyer,E19,S3
803,Reg Rogers,E19,S3
804,James Michael Tyler,E19,S3
805,Ethel Ayler,E19,S3
806,Jennifer Aniston,E20,S3
807,Courteney Cox,E20,S3
808,Lisa Kudrow,E20,S3
809,Matt LeBlanc,E20,S3
810,Matthew Perry,E20,S3
811,David Schwimmer,E20,S3
812,Alison La Placa,E20,S3
813,Dina Meyer,E20,S3
814,Reg Rogers,E20,S3
815,Jennifer Milmore,E20,S3
816,Laura Dean,E20,S3
817,James Michael Tyler,E20,S3
818,Jennifer Aniston,E21,S3
819,Courteney Cox,E21,S3
820,Lisa Kudrow,E21,S3
821,Matt LeBlanc,E21,S3
822,Matthew Perry,E21,S3
823,David Schwimmer,E21,S3
824,Jon Favreau,E21,S3
825,James Michael Tyler,E21,S3
826,Jennifer Aniston,E22,S3
827,Courteney Cox,E22,S3
828,Lisa Kudrow,E22,S3
829,Matt LeBlanc,E22,S3
830,Matthew Perry,E22,S3
831,David Schwimmer,E22,S3
832,Jon Favreau,E22,S3
833,Dina Meyer,E22,S3
834,Reg Rogers,E22,S3
835,June Gable,E22,S3
836,Jennifer Milmore,E22,S3
837,James Michael Tyler,E22,S3
838,Ben Stiller,E22,S3
839,Laura Cayouette,E22,S3
840,Jeff Brooks,E22,S3
841,Peter Bonerz,E22,S3
842,Scott Sandler,E22,S3
843,Jennifer Aniston,E23,S3
844,Courteney Cox,E23,S3
845,Lisa Kudrow,E23,S3
846,Matt LeBlanc,E23,S3
847,Matthew Perry,E23,S3
848,David Schwimmer,E23,S3
849,Jon Favreau,E23,S3
850,Kevin McDonald,E23,S3
851,Matt Battaglia,E23,S3
852,Robert Gant,E23,S3
853,Richard Gant,E23,S3
854,Carole Goldman,E23,S3
855,Douglas Looper,E23,S3
856,Jennifer Aniston,E24,S3
857,Courteney Cox,E24,S3
858,Lisa Kudrow,E24,S3
859,Matt LeBlanc,E24,S3
860,Matthew Perry,E24,S3
861,David Schwimmer,E24,S3
862,Jon Favreau,E24,S3
863,James Hong,E24,S3
864,Christine Taylor,E24,S3
865,Sam McMurray,E24,S3
866,Steve Park,E24,S3
867,Joe O'Connor,E24,S3
868,John McCarthy,E24,S3
869,Bruce Buffer,E24,S3
870,David Abbott,E24,S3
871,Billy Crystal,E24,S3
872,Andre Johnson,E24,S3
873,Robin Williams,E24,S3
874,Jennifer Aniston,E25,S3
875,Courteney Cox,E25,S3
876,Lisa Kudrow,E25,S3
877,Matt LeBlanc,E25,S3
878,Matthew Perry,E25,S3
879,David Schwimmer,E25,S3
880,Christine Taylor,E25,S3
881,James Michael Tyler,E25,S3
882,Teri Garr,E25,S3
883,Jennifer Aniston,E1,S4
884,Courteney Cox,E1,S4
885,Lisa Kudrow,E1,S4
886,Matt LeBlanc,E1,S4
887,Matthew Perry,E1,S4
888,David Schwimmer,E1,S4
889,Christine Taylor,E1,S4
890,Teri Garr,E1,S4
891,James Michael Tyler,E1,S4
892,Jennifer Aniston,E2,S4
893,Courteney Cox,E2,S4
894,Lisa Kudrow,E2,S4
895,Matt LeBlanc,E2,S4
896,Matthew Perry,E2,S4
897,David Schwimmer,E2,S4
898,Dan Gauthier,E2,S4
899,James Michael Tyler,E2,S4
900,Matt Kaminsky,E2,S4
901,Ken Weiler,E2,S4
902,Marc Unger,E2,S4
903,Jennifer Aniston,E3,S4
904,Courteney Cox,E3,S4
905,Lisa Kudrow,E3,S4
906,Matt LeBlanc,E3,S4
907,Matthew Perry,E3,S4
908,David Schwimmer,E3,S4
909,Alison La Placa,E3,S4
910,Penn Jillette,E3,S4
911,Laura Dean,E3,S4
912,Christina Pickles,E3,S4
913,Jennifer Aniston,E4,S4
914,Courteney Cox,E4,S4
915,Lisa Kudrow,E4,S4
916,Matt LeBlanc,E4,S4
917,Matthew Perry,E4,S4
918,David Schwimmer,E4,S4
919,Jason Brooks,E4,S4
920,Mike Hagerty,E4,S4
921,Rhoda Gemignani,E4,S4
922,E.J. Callahan,E4,S4
923,Brien Perry,E4,S4
924,Christopher Carroll,E4,S4
925,Amber Smith,E4,S4
926,Hope Allen,E4,S4
927,Cheryl Francis Harrington,E4,S4
928,Jennifer Aniston,E5,S4
929,Courteney Cox,E5,S4
930,Lisa Kudrow,E5,S4
931,Matt LeBlanc,E5,S4
932,Matthew Perry,E5,S4
933,David Schwimmer,E5,S4
934,Paget Brewster,E5,S4
935,Laura Interval,E5,S4
936,James Michael Tyler,E5,S4
937,Brian 'Fish' Smith,E5,S4
938,Shannon Frank,E5,S4
939,Ernie Kovacs,E5,S4
940,Jennifer Aniston,E6,S4
941,Courteney Cox,E6,S4
942,Lisa Kudrow,E6,S4
943,Matt LeBlanc,E6,S4
944,Matthew Perry,E6,S4
945,David Schwimmer,E6,S4
946,Paget Brewster,E6,S4
947,Rebecca Romijn,E6,S4
948,Gretchen Wyler,E6,S4
949,James Michael Tyler,E6,S4
950,Shelly Markham,E6,S4
951,Jennifer Aniston,E7,S4
952,Courteney Cox,E7,S4
953,Lisa Kudrow,E7,S4
954,Matt LeBlanc,E7,S4
955,Matthew Perry,E7,S4
956,David Schwimmer,E7,S4
957,Paget Brewster,E7,S4
958,James Michael Tyler,E7,S4
959,Jennifer Aniston,E8,S4
960,Courteney Cox,E8,S4
961,Lisa Kudrow,E8,S4
962,Matt LeBlanc,E8,S4
963,Matthew Perry,E8,S4
964,David Schwimmer,E8,S4
965,Michael Vartan,E8,S4
966,Paget Brewster,E8,S4
967,James Michael Tyler,E8,S4
968,Marcy Goldman,E8,S4
969,Jennifer Aniston,E9,S4
970,Courteney Cox,E9,S4
971,Lisa Kudrow,E9,S4
972,Matt LeBlanc,E9,S4
973,Matthew Perry,E9,S4
974,David Schwimmer,E9,S4
975,Alison La Placa,E9,S4
976,Taylor Negron,E9,S4
977,Richard Fancy,E9,S4
978,Jennifer Rhodes,E9,S4
979,Laura Dean,E9,S4
980,James Michael Tyler,E9,S4
981,Jennifer Aniston,E10,S4
982,Courteney Cox,E10,S4
983,Lisa Kudrow,E10,S4
984,Matt LeBlanc,E10,S4
985,Matthew Perry,E10,S4
986,David Schwimmer,E10,S4
987,Fred Stoller,E10,S4
988,James Michael Tyler,E10,S4
989,Jamie Kaler,E10,S4
990,Micheal DiMaggio,E10,S4
991,Shannon Maureen Brown,E10,S4
992,Amy Smallman,E10,S4
993,Yasemin Baytok,E10,S4
994,Vic Helford,E10,S4
995,Jennifer Aniston,E11,S4
996,Courteney Cox,E11,S4
997,Lisa Kudrow,E11,S4
998,Matt LeBlanc,E11,S4
999,Matthew Perry,E11,S4
1000,David Schwimmer,E11,S4
1001,Teri Garr,E11,S4
1002,Giovanni Ribisi,E11,S4
1003,Debra Jo Rupp,E11,S4
1004,Paget Brewster,E11,S4
1005,James Michael Tyler,E11,S4
1006,Sherri Shepherd,E11,S4
1007,Miles Marsico,E11,S4
1008,Jack Ong,E11,S4
1009,Jim Bentley,E11,S4
1010,Chip Chinery,E11,S4
1011,Cindy Katz,E11,S4
1012,Jennifer Aniston,E12,S4
1013,Courteney Cox,E12,S4
1014,Lisa Kudrow,E12,S4
1015,Matt LeBlanc,E12,S4
1016,Matthew Perry,E12,S4
1017,David Schwimmer,E12,S4
1018,Giovanni Ribisi,E12,S4
1019,Debra Jo Rupp,E12,S4
1020,Cindy Katz,E12,S4
1021,Jennifer Aniston,E13,S4
1022,Courteney Cox,E13,S4
1023,Lisa Kudrow,E13,S4
1024,Matt LeBlanc,E13,S4
1025,Matthew Perry,E13,S4
1026,David Schwimmer,E13,S4
1027,Tate Donovan,E13,S4
1028,Paget Brewster,E13,S4
1029,Paxton Whitehead,E13,S4
1030,Craig Strong,E13,S4
1031,James Michael Tyler,E13,S4
1032,Jennifer Aniston,E14,S4
1033,Courteney Cox,E14,S4
1034,Lisa Kudrow,E14,S4
1035,Matt LeBlanc,E14,S4
1036,Matthew Perry,E14,S4
1037,David Schwimmer,E14,S4
1038,Tate Donovan,E14,S4
1039,Helen Baxendale,E14,S4
1040,Paxton Whitehead,E14,S4
1041,Carlos Lacamara,E14,S4
1042,Rocky McMurray,E14,S4
1043,Charlton Heston,E14,S4
1044,James Michael Tyler,E14,S4
1045,Jennifer Aniston,E15,S4
1046,Courteney Cox,E15,S4
1047,Lisa Kudrow,E15,S4
1048,Matt LeBlanc,E15,S4
1049,Matthew Perry,E15,S4
1050,David Schwimmer,E15,S4
1051,Helen Baxendale,E15,S4
1052,Maggie Wheeler,E15,S4
1053,Mark McCullough Thomas,E15,S4
1054,Adamo Palladino,E15,S4
1055,Robin McDonald,E15,S4
1056,James Michael Tyler,E15,S4
1057,Jennifer Aniston,E16,S4
1058,Courteney Cox,E16,S4
1059,Lisa Kudrow,E16,S4
1060,Matt LeBlanc,E16,S4
1061,Matthew Perry,E16,S4
1062,David Schwimmer,E16,S4
1063,Tate Donovan,E16,S4
1064,Helen Baxendale,E16,S4
1065,James Michael Tyler,E16,S4
1066,Jennifer Aniston,E17,S4
1067,Courteney Cox,E17,S4
1068,Lisa Kudrow,E17,S4
1069,Matt LeBlanc,E17,S4
1070,Matthew Perry,E17,S4
1071,David Schwimmer,E17,S4
1072,Giovanni Ribisi,E17,S4
1073,Helen Baxendale,E17,S4
1074,Debra Jo Rupp,E17,S4
1075,Mike Hagerty,E17,S4
1076,Shirley Jordan,E17,S4
1077,Nick East,E17,S4
1078,James Michael Tyler,E17,S4
1079,Jennifer Aniston,E18,S4
1080,Courteney Cox,E18,S4
1081,Lisa Kudrow,E18,S4
1082,Matt LeBlanc,E18,S4
1083,Matthew Perry,E18,S4
1084,David Schwimmer,E18,S4
1085,Tate Donovan,E18,S4
1086,Jane Sibbett,E18,S4
1087,Helen Baxendale,E18,S4
1088,Jessica Hecht,E18,S4
1089,Debra Jo Rupp,E18,S4
1090,John Bennett Perry,E18,S4
1091,Pat Crowley,E18,S4
1092,Charles Thomas Allen,E18,S4
1093,John Christopher Allen,E18,S4
1094,Jennifer Aniston,E19,S4
1095,Courteney Cox,E19,S4
1096,Lisa Kudrow,E19,S4
1097,Matt LeBlanc,E19,S4
1098,Matthew Perry,E19,S4
1099,David Schwimmer,E19,S4
1100,Helen Baxendale,E19,S4
1101,James Michael Tyler,E19,S4
1102,Michal Connor,E19,S4
1103,Jennifer Aniston,E20,S4
1104,Courteney Cox,E20,S4
1105,Lisa Kudrow,E20,S4
1106,Matt LeBlanc,E20,S4
1107,Matthew Perry,E20,S4
1108,David Schwimmer,E20,S4
1109,Tate Donovan,E20,S4
1110,James Michael Tyler,E20,S4
1111,Christina Moore,E20,S4
1112,Anne Betancourt,E20,S4
1113,Thea Mann,E20,S4
1114,Jennifer Aniston,E21,S4
1115,Courteney Cox,E21,S4
1116,Lisa Kudrow,E21,S4
1117,Matt LeBlanc,E21,S4
1118,Matthew Perry,E21,S4
1119,David Schwimmer,E21,S4
1120,Helen Baxendale,E21,S4
1121,Elliott Gould,E21,S4
1122,James Michael Tyler,E21,S4
1123,Jennifer Aniston,E22,S4
1124,Courteney Cox,E22,S4
1125,Lisa Kudrow,E22,S4
1126,Matt LeBlanc,E22,S4
1127,Matthew Perry,E22,S4
1128,David Schwimmer,E22,S4
1129,Helen Baxendale,E22,S4
1130,James Michael Tyler,E22,S4
1131,Lisa Rotondi,E22,S4
1132,Robert M. Koch,E22,S4
1133,Cynthia Mann,E22,S4
1134,Jennifer Aniston,E23,S4
1135,Courteney Cox,E23,S4
1136,Lisa Kudrow,E23,S4
1137,Matt LeBlanc,E23,S4
1138,Matthew Perry,E23,S4
1139,David Schwimmer,E23,S4
1140,Sarah Ferguson,E23,S4
1141,Helen Baxendale,E23,S4
1142,Richard Branson,E23,S4
1143,Jennifer Aniston,E24,S4
1144,Courteney Cox,E24,S4
1145,Lisa Kudrow,E24,S4
1146,Matt LeBlanc,E24,S4
1147,Matthew Perry,E24,S4
1148,David Schwimmer,E24,S4
1149,Elliott Gould,E24,S4
1150,Helen Baxendale,E24,S4
1151,Tom Conti,E24,S4
1152,Hugh Laurie,E24,S4
1153,Jennifer Saunders,E24,S4
1154,June Whitfield,E24,S4
1155,Olivia Williams,E24,S4
1156,Jane Carr,E24,S4
1157,Christina Pickles,E24,S4
1158,Daniel Caltagirone,E24,S4
1159,Heathcote Williams,E24,S4
1160,Peter Eyre,E24,S4
1161,Jennifer Aniston,E1,S5
1162,Courteney Cox,E1,S5
1163,Lisa Kudrow,E1,S5
1164,Matt LeBlanc,E1,S5
1165,Matthew Perry,E1,S5
1166,David Schwimmer,E1,S5
1167,Elliott Gould,E1,S5
1168,Tom Conti,E1,S5
1169,Jennifer Saunders,E1,S5
1170,Helen Baxendale,E1,S5
1171,Christina Pickles,E1,S5
1172,Peter Eyre,E1,S5
1173,Jane Carr,E1,S5
1174,Sarah Ferguson,E1,S5
1175,Olivia Williams,E1,S5
1176,Jennifer Aniston,E2,S5
1177,Courteney Cox,E2,S5
1178,Lisa Kudrow,E2,S5
1179,Matt LeBlanc,E2,S5
1180,Matthew Perry,E2,S5
1181,David Schwimmer,E2,S5
1182,James Michael Tyler,E2,S5
1183,Zen Gesner,E2,S5
1184,Patricia Ayame Thomson,E2,S5
1185,Jennifer Aniston,E3,S5
1186,Courteney Cox,E3,S5
1187,Lisa Kudrow,E3,S5
1188,Matt LeBlanc,E3,S5
1189,Matthew Perry,E3,S5
1190,David Schwimmer,E3,S5
1191,Giovanni Ribisi,E3,S5
1192,Sam Anderson,E3,S5
1193,Debra Jo Rupp,E3,S5
1194,Patrick Fabian,E3,S5
1195,Iqbal Theba,E3,S5
1196,T.J. Thyne,E3,S5
1197,Brenda Isaacs Booth,E3,S5
1198,Heidi Beck,E3,S5
1199,Rodney Sherwood,E3,S5
1200,Jennifer Aniston,E4,S5
1201,Courteney Cox,E4,S5
1202,Lisa Kudrow,E4,S5
1203,Matt LeBlanc,E4,S5
1204,Matthew Perry,E4,S5
1205,David Schwimmer,E4,S5
1206,Helen Baxendale,E4,S5
1207,Gary Collins,E4,S5
1208,Sandra Thigpen,E4,S5
1209,John R. McLaughlin,E4,S5
1210,James Michael Tyler,E4,S5
1211,Jennifer Aniston,E5,S5
1212,Courteney Cox,E5,S5
1213,Lisa Kudrow,E5,S5
1214,Matt LeBlanc,E5,S5
1215,Matthew Perry,E5,S5
1216,David Schwimmer,E5,S5
1217,Christopher Liam Moore,E5,S5
1218,James Michael Tyler,E5,S5
1219,Jennifer Aniston,E6,S5
1220,Courteney Cox,E6,S5
1221,Lisa Kudrow,E6,S5
1222,Matt LeBlanc,E6,S5
1223,Matthew Perry,E6,S5
1224,David Schwimmer,E6,S5
1225,Helen Baxendale,E6,S5
1226,James Michael Tyler,E6,S5
1227,George Newbern,E6,S5
1228,Jennifer Aniston,E7,S5
1229,Courteney Cox,E7,S5
1230,Lisa Kudrow,E7,S5
1231,Matt LeBlanc,E7,S5
1232,Matthew Perry,E7,S5
1233,David Schwimmer,E7,S5
1234,Gregory Sporleder,E7,S5
1235,James Michael Tyler,E7,S5
1236,George Newbern,E7,S5
1237,Doug Benson,E7,S5
1238,Jennifer Aniston,E8,S5
1239,Courteney Cox,E8,S5
1240,Lisa Kudrow,E8,S5
1241,Matt LeBlanc,E8,S5
1242,Matthew Perry,E8,S5
1243,David Schwimmer,E8,S5
1244,Morgan Fairchild,E8,S5
1245,Michael Winters,E8,S5
1246,Christina Pickles,E8,S5
1247,Elliott Gould,E8,S5
1248,Alec Mapa,E8,S5
1249,Douglas Looper,E8,S5
1250,Joshua Duvall Preston,E8,S5
1251,John Luder,E8,S5
1252,Jennifer Aniston,E9,S5
1253,Courteney Cox,E9,S5
1254,Lisa Kudrow,E9,S5
1255,Matt LeBlanc,E9,S5
1256,Matthew Perry,E9,S5
1257,David Schwimmer,E9,S5
1258,Michael Ensign,E9,S5
1259,Scott Mosenson,E9,S5
1260,Jennette Robbins,E9,S5
1261,Alexia Roberts,E9,S5
1262,Johan-Carl Nowack,E9,S5
1263,James Michael Tyler,E9,S5
1264,Jennifer Aniston,E10,S5
1265,Courteney Cox,E10,S5
1266,Lisa Kudrow,E10,S5
1267,Matt LeBlanc,E10,S5
1268,Matthew Perry,E10,S5
1269,David Schwimmer,E10,S5
1270,June Gable,E10,S5
1271,Julie Lauren,E10,S5
1272,George Newbern,E10,S5
1273,Tom Bailey,E10,S5
1274,Lee Arenberg,E10,S5
1275,Robyn Pedretti,E10,S5
1276,Jeanette Miller,E10,S5
1277,James Michael Tyler,E10,S5
1278,Jennifer Aniston,E11,S5
1279,Courteney Cox,E11,S5
1280,Lisa Kudrow,E11,S5
1281,Matt LeBlanc,E11,S5
1282,Matthew Perry,E11,S5
1283,David Schwimmer,E11,S5
1284,Sarah Peterson,E11,S5
1285,Charles Thomas Allen,E11,S5
1286,John Christopher Allen,E11,S5
1287,James Michael Tyler,E11,S5
1288,Jennifer Aniston,E12,S5
1289,Courteney Cox,E12,S5
1290,Lisa Kudrow,E12,S5
1291,Matt LeBlanc,E12,S5
1292,Matthew Perry,E12,S5
1293,David Schwimmer,E12,S5
1294,Maggie Wheeler,E12,S5
1295,James Michael Tyler,E12,S5
1296,Sam McMurray,E12,S5
1297,Lise Simms,E12,S5
1298,Jennifer Aniston,E13,S5
1299,Courteney Cox,E13,S5
1300,Lisa Kudrow,E13,S5
1301,Matt LeBlanc,E13,S5
1302,Matthew Perry,E13,S5
1303,David Schwimmer,E13,S5
1304,Bob Balaban,E13,S5
1305,Daniel Hagen,E13,S5
1306,James Michael Tyler,E13,S5
1307,Jennifer Aniston,E14,S5
1308,Courteney Cox,E14,S5
1309,Lisa Kudrow,E14,S5
1310,Matt LeBlanc,E14,S5
1311,Matthew Perry,E14,S5
1312,David Schwimmer,E14,S5
1313,Michael Ensign,E14,S5
1314,Jon Haugen,E14,S5
1315,James Michael Tyler,E14,S5
1316,Jennifer Aniston,E15,S5
1317,Courteney Cox,E15,S5
1318,Lisa Kudrow,E15,S5
1319,Matt LeBlanc,E15,S5
1320,Matthew Perry,E15,S5
1321,David Schwimmer,E15,S5
1322,Willie Garson,E15,S5
1323,Soleil Moon Frye,E15,S5
1324,David Dalton,E15,S5
1325,Linde Gibb,E15,S5
1326,Stephon Fuller,E15,S5
1327,Ferdinand Mehlinger,E15,S5
1328,James Michael Tyler,E15,S5
1329,Jennifer Aniston,E16,S5
1330,Courteney Cox,E16,S5
1331,Lisa Kudrow,E16,S5
1332,Matt LeBlanc,E16,S5
1333,Matthew Perry,E16,S5
1334,David Schwimmer,E16,S5
1335,Michael Rapaport,E16,S5
1336,NiCole Robinson,E16,S5
1337,Mark Fite,E16,S5
1338,Aloma Wright,E16,S5
1339,James Michael Tyler,E16,S5
1340,Jennifer Aniston,E17,S5
1341,Courteney Cox,E17,S5
1342,Lisa Kudrow,E17,S5
1343,Matt LeBlanc,E17,S5
1344,Matthew Perry,E17,S5
1345,David Schwimmer,E17,S5
1346,Michael Rapaport,E17,S5
1347,Samantha Smith,E17,S5
1348,Steve Ireland,E17,S5
1349,Marc Goldsmith,E17,S5
1350,Devyn LaBella,E17,S5
1351,Ralph Manza,E17,S5
1352,James Michael Tyler,E17,S5
1353,Jennifer Aniston,E18,S5
1354,Courteney Cox,E18,S5
1355,Lisa Kudrow,E18,S5
1356,Matt LeBlanc,E18,S5
1357,Matthew Perry,E18,S5
1358,David Schwimmer,E18,S5
1359,Joanna Gleason,E18,S5
1360,Jane Sibbett,E18,S5
1361,Megan Ward,E18,S5
1362,Judy Kain,E18,S5
1363,Jim Wise,E18,S5
1364,John Christopher Allen,E18,S5
1365,Charles Thomas Allen,E18,S5
1366,Matt Weinberg,E18,S5
1367,James Michael Tyler,E18,S5
1368,Jennifer Aniston,E19,S5
1369,Courteney Cox,E19,S5
1370,Lisa Kudrow,E19,S5
1371,Matt LeBlanc,E19,S5
1372,Matthew Perry,E19,S5
1373,David Schwimmer,E19,S5
1374,Kristin Dattilo,E19,S5
1375,Lilyan Chauvin,E19,S5
1376,Jennifer Aniston,E20,S5
1377,Courteney Cox,E20,S5
1378,Lisa Kudrow,E20,S5
1379,Matt LeBlanc,E20,S5
1380,Matthew Perry,E20,S5
1381,David Schwimmer,E20,S5
1382,Michael Rapaport,E20,S5
1383,Helen Baxendale,E20,S5
1384,James Michael Tyler,E20,S5
1385,Jennifer Aniston,E21,S5
1386,Courteney Cox,E21,S5
1387,Lisa Kudrow,E21,S5
1388,Matt LeBlanc,E21,S5
1389,Matthew Perry,E21,S5
1390,David Schwimmer,E21,S5
1391,Michael Rapaport,E21,S5
1392,James Michael Tyler,E21,S5
1393,Victoria Kelleher,E21,S5
1394,Antoinette Spolar,E21,S5
1395,Jennifer Aniston,E22,S5
1396,Courteney Cox,E22,S5
1397,Lisa Kudrow,E22,S5
1398,Matt LeBlanc,E22,S5
1399,Matthew Perry,E22,S5
1400,David Schwimmer,E22,S5
1401,Michael Monks,E22,S5
1402,John Kassir,E22,S5
1403,John C. McDonnell,E22,S5
1404,James Michael Tyler,E22,S5
1405,Jennifer Aniston,E23,S5
1406,Courteney Cox,E23,S5
1407,Lisa Kudrow,E23,S5
1408,Matt LeBlanc,E23,S5
1409,Matthew Perry,E23,S5
1410,David Schwimmer,E23,S5
1411,Thomas Lennon,E23,S5
1412,Rick Pasqualone,E23,S5
1413,Todd Glass,E23,S5
1414,Baillie Gerstein,E23,S5
1415,Lisa Cash,E23,S5
1416,Jeanette Miller,E23,S5
1417,Billy Dec,E23,S5
1418,Paul Gebeau,E23,S5
1419,Joel Heyman,E23,S5
1420,James Paradise,E23,S5
1421,Jennifer Aniston,E24,S5
1422,Courteney Cox,E24,S5
1423,Lisa Kudrow,E24,S5
1424,Matt LeBlanc,E24,S5
1425,Matthew Perry,E24,S5
1426,David Schwimmer,E24,S5
1427,Thomas Lennon,E24,S5
1428,Jeanette Miller,E24,S5
1429,Rick Pasqualone,E24,S5
1430,Rojai Holloway,E24,S5
1431,Frank Novak,E24,S5
1432,Gabi Simson,E24,S5
1433,Nina Mann,E24,S5
1434,Courteney Cox,E1,S6
1435,Jennifer Aniston,E1,S6
1436,Lisa Kudrow,E1,S6
1437,Matt LeBlanc,E1,S6
1438,Matthew Perry,E1,S6
1439,David Schwimmer,E1,S6
1440,Billy Stevenson,E1,S6
1441,Nina Mann,E1,S6
1442,Rick Pasqualone,E1,S6
1443,Joel Heyman,E1,S6
1444,James Michael Tyler,E1,S6
1445,Jennifer Aniston,E2,S6
1446,Courteney Cox,E2,S6
1447,Lisa Kudrow,E2,S6
1448,Matt LeBlanc,E2,S6
1449,Matthew Perry,E2,S6
1450,David Schwimmer,E2,S6
1451,Ron Glass,E2,S6
1452,Alex Kapp,E2,S6
1453,Tembi Locke,E2,S6
1454,Janelle Paradee,E2,S6
1455,James Michael Tyler,E2,S6
1456,Jennifer Aniston,E3,S6
1457,Courteney Cox,E3,S6
1458,Lisa Kudrow,E3,S6
1459,Matt LeBlanc,E3,S6
1460,Matthew Perry,E3,S6
1461,David Schwimmer,E3,S6
1462,James Michael Tyler,E3,S6
1463,Brooke Boisse,E3,S6
1464,Jennifer Aniston,E4,S6
1465,Courteney Cox,E4,S6
1466,Lisa Kudrow,E4,S6
1467,Matt LeBlanc,E4,S6
1468,Matthew Perry,E4,S6
1469,David Schwimmer,E4,S6
1470,June Gable,E4,S6
1471,Ron Glass,E4,S6
1472,Christopher Darga,E4,S6
1473,Kim Harris,E4,S6
1474,Joe Everett Michaels,E4,S6
1475,Rick Fitts,E4,S6
1476,Ian Meltzer,E4,S6
1477,Michael Naughton,E4,S6
1478,Matt Bellner,E4,S6
1479,James Michael Tyler,E4,S6
1480,Jennifer Aniston,E5,S6
1481,Courteney Cox,E5,S6
1482,Lisa Kudrow,E5,S6
1483,Matt LeBlanc,E5,S6
1484,Matthew Perry,E5,S6
1485,David Schwimmer,E5,S6
1486,Conchata Ferrell,E5,S6
1487,James Michael Tyler,E5,S6
1488,Kevin Ruf,E5,S6
1489,Charity Nicole James,E5,S6
1490,Shane Nickerson,E5,S6
1491,Dennis Singletary,E5,S6
1492,Steve Pierce,E5,S6
1493,Alexis Cimoch,E5,S6
1494,Jennifer Aniston,E6,S6
1495,Courteney Cox,E6,S6
1496,Lisa Kudrow,E6,S6
1497,Matt LeBlanc,E6,S6
1498,Matthew Perry,E6,S6
1499,David Schwimmer,E6,S6
1500,Jennifer Aniston,E7,S6
1501,Courteney Cox,E7,S6
1502,Lisa Kudrow,E7,S6
1503,Matt LeBlanc,E7,S6
1504,Matthew Perry,E7,S6
1505,David Schwimmer,E7,S6
1506,Elle Macpherson,E7,S6
1507,Shannon Brown,E7,S6
1508,Jennifer Aniston,E8,S6
1509,Courteney Cox,E8,S6
1510,Lisa Kudrow,E8,S6
1511,Matt LeBlanc,E8,S6
1512,Matthew Perry,E8,S6
1513,David Schwimmer,E8,S6
1514,Joanna Gleason,E8,S6
1515,Ralph Lauren,E8,S6
1516,Elle Macpherson,E8,S6
1517,Missi Pyle,E8,S6
1518,James Michael Tyler,E8,S6
1519,Jennifer Aniston,E9,S6
1520,Courteney Cox,E9,S6
1521,Lisa Kudrow,E9,S6
1522,Matt LeBlanc,E9,S6
1523,Matthew Perry,E9,S6
1524,David Schwimmer,E9,S6
1525,Elle Macpherson,E9,S6
1526,Elliott Gould,E9,S6
1527,Christina Pickles,E9,S6
1528,Jennifer Aniston,E10,S6
1529,Courteney Cox,E10,S6
1530,Lisa Kudrow,E10,S6
1531,Matt LeBlanc,E10,S6
1532,Matthew Perry,E10,S6
1533,David Schwimmer,E10,S6
1534,Elle Macpherson,E10,S6
1535,Patrick Bristow,E10,S6
1536,Lex Medlin,E10,S6
1537,James Michael Tyler,E10,S6
1538,Sandra Plazinic,E10,S6
1539,Sybil Azur,E10,S6
1540,Alex Kalognomos,E10,S6
1541,Paul Sinacore,E10,S6
1542,Jennifer Aniston,E11,S6
1543,Courteney Cox,E11,S6
1544,Lisa Kudrow,E11,S6
1545,Matt LeBlanc,E11,S6
1546,Matthew Perry,E11,S6
1547,David Schwimmer,E11,S6
1548,Elle Macpherson,E11,S6
1549,James Michael Tyler,E11,S6
1550,Jennifer Aniston,E12,S6
1551,Courteney Cox,E12,S6
1552,Lisa Kudrow,E12,S6
1553,Matt LeBlanc,E12,S6
1554,Matthew Perry,E12,S6
1555,David Schwimmer,E12,S6
1556,James Michael Tyler,E12,S6
1557,J.D. Lewis,E12,S6
1558,Joeanna Sayler,E12,S6
1559,Matthew Mullany,E12,S6
1560,Alex Boling,E12,S6
1561,Jennifer Aniston,E13,S6
1562,Courteney Cox,E13,S6
1563,Lisa Kudrow,E13,S6
1564,Matt LeBlanc,E13,S6
1565,Matthew Perry,E13,S6
1566,David Schwimmer,E13,S6
1567,Reese Witherspoon,E13,S6
1568,James Michael Tyler,E13,S6
1569,Susan Yeagley,E13,S6
1570,Cheryl Hines,E13,S6
1571,Jeff Brooks,E13,S6
1572,Alexis Arquette,E13,S6
1573,Jennifer Aniston,E14,S6
1574,Courteney Cox,E14,S6
1575,Lisa Kudrow,E14,S6
1576,Matt LeBlanc,E14,S6
1577,Matthew Perry,E14,S6
1578,David Schwimmer,E14,S6
1579,Reese Witherspoon,E14,S6
1580,James Michael Tyler,E14,S6
1581,Larry Joe Campbell,E14,S6
1582,Douglas Looper,E14,S6
1583,Jennifer Aniston,E15,S6
1584,Courteney Cox,E15,S6
1585,Lisa Kudrow,E15,S6
1586,Matt LeBlanc,E15,S6
1587,Matthew Perry,E15,S6
1588,David Schwimmer,E15,S6
1589,Kevin Spirtas,E15,S6
1590,Kristian Alfonso,E15,S6
1591,Jane Sibbett,E15,S6
1592,Mitchell Whitfield,E15,S6
1593,Pat Finn,E15,S6
1594,Jessica Hecht,E15,S6
1595,James Michael Tyler,E15,S6
1596,Cole Sprouse,E15,S6
1597,Cacey Kirshner,E15,S6
1598,Marisa Brown,E15,S6
1599,Jennifer Aniston,E16,S6
1600,Courteney Cox,E16,S6
1601,Lisa Kudrow,E16,S6
1602,Matt LeBlanc,E16,S6
1603,Matthew Perry,E16,S6
1604,David Schwimmer,E16,S6
1605,Jane Sibbett,E16,S6
1606,Jessica Hecht,E16,S6
1607,Mitchell Whitfield,E16,S6
1608,Paul Gleason,E16,S6
1609,Pat Finn,E16,S6
1610,James Michael Tyler,E16,S6
1611,Larry Cox,E16,S6
1612,Lisa Avery,E16,S6
1613,Jennifer Aniston,E17,S6
1614,Courteney Cox,E17,S6
1615,Lisa Kudrow,E17,S6
1616,Matt LeBlanc,E17,S6
1617,Matthew Perry,E17,S6
1618,David Schwimmer,E17,S6
1619,Louis Mandylor,E17,S6
1620,James Michael Tyler,E17,S6
1621,Jill Matson-Sachoff,E17,S6
1622,Ron Recasner,E17,S6
1623,Mongo Brownlee,E17,S6
1624,Preston James Hillier,E17,S6
1625,Shane Keller,E17,S6
1626,Maggie Wheeler,E17,S6
1627,Jennifer Aniston,E18,S6
1628,Courteney Cox,E18,S6
1629,Lisa Kudrow,E18,S6
1630,Matt LeBlanc,E18,S6
1631,Matthew Perry,E18,S6
1632,David Schwimmer,E18,S6
1633,Alexandra Holden,E18,S6
1634,Bess Meyer,E18,S6
1635,Richard Roat,E18,S6
1636,Greg Wrangler,E18,S6
1637,David Warshofsky,E18,S6
1638,Louisa Abernathy,E18,S6
1639,David Moreland,E18,S6
1640,James Michael Tyler,E18,S6
1641,Jennifer Aniston,E19,S6
1642,Courteney Cox,E19,S6
1643,Lisa Kudrow,E19,S6
1644,Matt LeBlanc,E19,S6
1645,Matthew Perry,E19,S6
1646,David Schwimmer,E19,S6
1647,Alexandra Holden,E19,S6
1648,Scott Paetty,E19,S6
1649,Chris Kennedy,E19,S6
1650,Josh Coxx,E19,S6
1651,Jim Bentley,E19,S6
1652,Hunter Cochran,E19,S6
1653,Billy Dec,E19,S6
1654,James Michael Tyler,E19,S6
1655,Jennifer Aniston,E20,S6
1656,Courteney Cox,E20,S6
1657,Lisa Kudrow,E20,S6
1658,Matt LeBlanc,E20,S6
1659,Matthew Perry,E20,S6
1660,David Schwimmer,E20,S6
1661,Cosimo Fusco,E20,S6
1662,James Michael Tyler,E20,S6
1663,Maggie Wheeler,E20,S6
1664,Jennifer Aniston,E21,S6
1665,Courteney Cox,E21,S6
1666,Lisa Kudrow,E21,S6
1667,Matt LeBlanc,E21,S6
1668,Matthew Perry,E21,S6
1669,David Schwimmer,E21,S6
1670,Bruce Willis,E21,S6
1671,Alexandra Holden,E21,S6
1672,June Gable,E21,S6
1673,Andrew Bilgore,E21,S6
1674,Brad Koepenick,E21,S6
1675,Brooke Boisse,E21,S6
1676,James Michael Tyler,E21,S6
1677,Chad Wingerd,E21,S6
1678,Jennifer Aniston,E22,S6
1679,Courteney Cox,E22,S6
1680,Lisa Kudrow,E22,S6
1681,Matt LeBlanc,E22,S6
1682,Matthew Perry,E22,S6
1683,David Schwimmer,E22,S6
1684,Bruce Willis,E22,S6
1685,Alexandra Holden,E22,S6
1686,Merrin Dungey,E22,S6
1687,Ilia Volok,E22,S6
1688,James Michael Tyler,E22,S6
1689,Susie Park,E22,S6
1690,Jennifer Aniston,E23,S6
1691,Courteney Cox,E23,S6
1692,Lisa Kudrow,E23,S6
1693,Matt LeBlanc,E23,S6
1694,Matthew Perry,E23,S6
1695,David Schwimmer,E23,S6
1696,Bruce Willis,E23,S6
1697,Oliver Muirhead,E23,S6
1698,Brian Dunkleman,E23,S6
1699,Janet S. Blake,E23,S6
1700,James Michael Tyler,E23,S6
1701,Jennifer Aniston,E24,S6
1702,Courteney Cox,E24,S6
1703,Lisa Kudrow,E24,S6
1704,Matt LeBlanc,E24,S6
1705,Matthew Perry,E24,S6
1706,David Schwimmer,E24,S6
1707,Tom Selleck,E24,S6
1708,Alexandra Holden,E24,S6
1709,Steve Hytner,E24,S6
1710,John Apicella,E24,S6
1711,Natasha Pearce,E24,S6
1712,Tori McPetrie,E24,S6
1713,Anil Raman,E24,S6
1714,Jacqueline Schultz,E24,S6
1715,Tony Nichols,E24,S6
1716,Alexandra Margulies,E24,S6
1717,Steven Harad,E24,S6
1718,Hunter Cochran,E24,S6
1719,Jennifer Aniston,E25,S6
1720,Courteney Cox,E25,S6
1721,Lisa Kudrow,E25,S6
1722,Matt LeBlanc,E25,S6
1723,Matthew Perry,E25,S6
1724,David Schwimmer,E25,S6
1725,Tom Selleck,E25,S6
1726,Jennifer Aniston,E1,S7
1727,Courteney Cox,E1,S7
1728,Lisa Kudrow,E1,S7
1729,Matt LeBlanc,E1,S7
1730,Matthew Perry,E1,S7
1731,David Schwimmer,E1,S7
1732,Jennifer Aniston,E2,S7
1733,Courteney Cox,E2,S7
1734,Lisa Kudrow,E2,S7
1735,Matt LeBlanc,E2,S7
1736,Matthew Perry,E2,S7
1737,David Schwimmer,E2,S7
1738,Elliott Gould,E2,S7
1739,Christina Pickles,E2,S7
1740,Suzanne Lanza,E2,S7
1741,Elizabeth Talbott Adams,E2,S7
1742,James Michael Tyler,E2,S7
1743,Jennifer Aniston,E3,S7
1744,Courteney Cox,E3,S7
1745,Lisa Kudrow,E3,S7
1746,Matt LeBlanc,E3,S7
1747,Matthew Perry,E3,S7
1748,David Schwimmer,E3,S7
1749,Elliott Gould,E3,S7
1750,James Michael Tyler,E3,S7
1751,Jennifer Aniston,E4,S7
1752,Courteney Cox,E4,S7
1753,Lisa Kudrow,E4,S7
1754,Matt LeBlanc,E4,S7
1755,Matthew Perry,E4,S7
1756,David Schwimmer,E4,S7
1757,Eddie Cahill,E4,S7
1758,Michael Kagan,E4,S7
1759,Jean St. James,E4,S7
1760,Cody Tucker,E4,S7
1761,Cynthia Graham,E4,S7
1762,Renee Rogers,E4,S7
1763,Eric Rutherford,E4,S7
1764,Andrew Bilgore,E4,S7
1765,James Michael Tyler,E4,S7
1766,Jennifer Aniston,E5,S7
1767,Courteney Cox,E5,S7
1768,Lisa Kudrow,E5,S7
1769,Matt LeBlanc,E5,S7
1770,Matthew Perry,E5,S7
1771,David Schwimmer,E5,S7
1772,Eddie Cahill,E5,S7
1773,David Sutcliffe,E5,S7
1774,Julia Campbell,E5,S7
1775,Caroline Keenan,E5,S7
1776,Roger Eschbacher,E5,S7
1777,James Michael Tyler,E5,S7
1778,Jennifer Aniston,E6,S7
1779,Courteney Cox,E6,S7
1780,Lisa Kudrow,E6,S7
1781,Matt LeBlanc,E6,S7
1782,Matthew Perry,E6,S7
1783,David Schwimmer,E6,S7
1784,Stacy Galina,E6,S7
1785,James Michael Tyler,E6,S7
1786,Jennifer Aniston,E7,S7
1787,Courteney Cox,E7,S7
1788,Lisa Kudrow,E7,S7
1789,Matt LeBlanc,E7,S7
1790,Matthew Perry,E7,S7
1791,David Schwimmer,E7,S7
1792,Kristin Davis,E7,S7
1793,Maggie Wheeler,E7,S7
1794,Michael D. Roberts,E7,S7
1795,Doug Budin,E7,S7
1796,Sarah Murdoch,E7,S7
1797,Alexandra Margulies,E7,S7
1798,Andy Brewster,E7,S7
1799,Nicholas Thomas,E7,S7
1800,Jessica A. O'Sullivan,E7,S7
1801,Ben Hisoler,E7,S7
1802,Ian Thorpe,E7,S7
1803,James Michael Tyler,E7,S7
1804,Jennifer Aniston,E8,S7
1805,Courteney Cox,E8,S7
1806,Lisa Kudrow,E8,S7
1807,Matt LeBlanc,E8,S7
1808,Matthew Perry,E8,S7
1809,David Schwimmer,E8,S7
1810,Eddie Cahill,E8,S7
1811,Jennifer Aniston,E9,S7
1812,Courteney Cox,E9,S7
1813,Lisa Kudrow,E9,S7
1814,Matt LeBlanc,E9,S7
1815,Matthew Perry,E9,S7
1816,David Schwimmer,E9,S7
1817,Eddie Cahill,E9,S7
1818,Cole Sprouse,E9,S7
1819,Amy Hill,E9,S7
1820,Steve Ireland,E9,S7
1821,Jonathan T. Floyd,E9,S7
1822,Ashley Clark,E9,S7
1823,Jennifer Aniston,E10,S7
1824,Courteney Cox,E10,S7
1825,Lisa Kudrow,E10,S7
1826,Matt LeBlanc,E10,S7
1827,Matthew Perry,E10,S7
1828,David Schwimmer,E10,S7
1829,Cole Sprouse,E10,S7
1830,James Michael Tyler,E10,S7
1831,Terry Rhoads,E10,S7
1832,Sean Corvelle,E10,S7
1833,Barry Wiggins,E10,S7
1834,Jennifer Aniston,E11,S7
1835,Courteney Cox,E11,S7
1836,Lisa Kudrow,E11,S7
1837,Matt LeBlanc,E11,S7
1838,Matthew Perry,E11,S7
1839,David Schwimmer,E11,S7
1840,Hank Azaria,E11,S7
1841,Lela Lee,E11,S7
1842,Gina Belafonte,E11,S7
1843,Mailon Rivera,E11,S7
1844,Darlene Kardon,E11,S7
1845,Robyn Donny,E11,S7
1846,Joe Coyle,E11,S7
1847,Jim Hanna,E11,S7
1848,Sarfraz Manzoor,E11,S7
1849,James Michael Tyler,E11,S7
1850,Jennifer Aniston,E12,S7
1851,Courteney Cox,E12,S7
1852,Lisa Kudrow,E12,S7
1853,Matt LeBlanc,E12,S7
1854,Matthew Perry,E12,S7
1855,David Schwimmer,E12,S7
1856,Eddie Cahill,E12,S7
1857,Jason George,E12,S7
1858,Jennifer Aniston,E13,S7
1859,Courteney Cox,E13,S7
1860,Lisa Kudrow,E13,S7
1861,Matt LeBlanc,E13,S7
1862,Matthew Perry,E13,S7
1863,David Schwimmer,E13,S7
1864,Jason Alexander,E13,S7
1865,Elliott Gould,E13,S7
1866,Joyce Guy,E13,S7
1867,Steve Rozic,E13,S7
1868,Wendee Cole,E13,S7
1869,Jennifer Aniston,E14,S7
1870,Courteney Cox,E14,S7
1871,Lisa Kudrow,E14,S7
1872,Matt LeBlanc,E14,S7
1873,Matthew Perry,E14,S7
1874,David Schwimmer,E14,S7
1875,Elliott Gould,E14,S7
1876,Eddie Cahill,E14,S7
1877,Christina Pickles,E14,S7
1878,Wayne Edward Sherwood,E14,S7
1879,James Michael Tyler,E14,S7
1880,Vanessa White,E14,S7
1881,Jennifer Aniston,E15,S7
1882,Courteney Cox,E15,S7
1883,Lisa Kudrow,E15,S7
1884,Matt LeBlanc,E15,S7
1885,Matthew Perry,E15,S7
1886,David Schwimmer,E15,S7
1887,Susan Sarandon,E15,S7
1888,Eva Amurri,E15,S7
1889,Jack Betts,E15,S7
1890,George Stults,E15,S7
1891,Jeff Asch,E15,S7
1892,James Michael Tyler,E15,S7
1893,Jennifer Aniston,E16,S7
1894,Courteney Cox,E16,S7
1895,Lisa Kudrow,E16,S7
1896,Matt LeBlanc,E16,S7
1897,Matthew Perry,E16,S7
1898,David Schwimmer,E16,S7
1899,Jane Sibbett,E16,S7
1900,Cole Sprouse,E16,S7
1901,James Michael Tyler,E16,S7
1902,Jennifer Aniston,E17,S7
1903,Courteney Cox,E17,S7
1904,Lisa Kudrow,E17,S7
1905,Matt LeBlanc,E17,S7
1906,Matthew Perry,E17,S7
1907,David Schwimmer,E17,S7
1908,Andrea Bendewald,E17,S7
1909,Gabrielle Union,E17,S7
1910,Kim Harris,E17,S7
1911,James Michael Tyler,E17,S7
1912,Jennifer Aniston,E18,S7
1913,Courteney Cox,E18,S7
1914,Lisa Kudrow,E18,S7
1915,Matt LeBlanc,E18,S7
1916,Matthew Perry,E18,S7
1917,David Schwimmer,E18,S7
1918,Alison Sweeney,E18,S7
1919,Kyle Howard,E18,S7
1920,Vince Vieluf,E18,S7
1921,Troy Norton,E18,S7
1922,McKenzie Westmore,E18,S7
1923,Kurtis Rintala,E18,S7
1924,James Michael Tyler,E18,S7
1925,Jennifer Aniston,E19,S7
1926,Courteney Cox,E19,S7
1927,Lisa Kudrow,E19,S7
1928,Matt LeBlanc,E19,S7
1929,Matthew Perry,E19,S7
1930,David Schwimmer,E19,S7
1931,Denise Richards,E19,S7
1932,Mo Gaffney,E19,S7
1933,June Gable,E19,S7
1934,Scott Adsit,E19,S7
1935,Cindy Lu,E19,S7
1936,James Michael Tyler,E19,S7
1937,Jennifer Aniston,E20,S7
1938,Courteney Cox,E20,S7
1939,Lisa Kudrow,E20,S7
1940,Matt LeBlanc,E20,S7
1941,Matthew Perry,E20,S7
1942,David Schwimmer,E20,S7
1943,Winona Ryder,E20,S7
1944,Mike J Daugherity,E20,S7
1945,James Michael Tyler,E20,S7
1946,Jennifer Aniston,E21,S7
1947,Courteney Cox,E21,S7
1948,Lisa Kudrow,E21,S7
1949,Matt LeBlanc,E21,S7
1950,Matthew Perry,E21,S7
1951,David Schwimmer,E21,S7
1952,Michael Ensign,E21,S7
1953,Elliott Gould,E21,S7
1954,Christina Pickles,E21,S7
1955,James Michael Tyler,E21,S7
1956,Jennifer Aniston,E22,S7
1957,Courteney Cox,E22,S7
1958,Lisa Kudrow,E22,S7
1959,Matt LeBlanc,E22,S7
1960,Matthew Perry,E22,S7
1961,David Schwimmer,E22,S7
1962,Kathleen Turner,E22,S7
1963,Mark Consuelos,E22,S7
1964,Troy Norton,E22,S7
1965,Chuck Martinez,E22,S7
1966,Alexis Arquette,E22,S7
1967,Joe Everett Michaels,E22,S7
1968,Stephanie Dicker,E22,S7
1969,Michelle Haury,E22,S7
1970,Glen Hambly,E22,S7
1971,Jeri Slaughter,E22,S7
1972,Kevin Alexander Stea,E22,S7
1973,James Michael Tyler,E22,S7
1974,Jennifer Aniston,E23,S7
1975,Courteney Cox,E23,S7
1976,Lisa Kudrow,E23,S7
1977,Matt LeBlanc,E23,S7
1978,Matthew Perry,E23,S7
1979,David Schwimmer,E23,S7
1980,Gary Oldman,E23,S7
1981,Kathleen Turner,E23,S7
1982,Elliott Gould,E23,S7
1983,Morgan Fairchild,E23,S7
1984,James Michael Tyler,E23,S7
1985,Mark Roberts,E23,S7
1986,Christina Pickles,E23,S7
1987,Claudia Stedelin,E23,S7
1988,Peter James Smith,E23,S7
1989,Nicholas Caesar Colon,E23,S7
1990,Roger Hamilton,E23,S7
1991,Jennifer Aniston,E24,S7
1992,Courteney Cox,E24,S7
1993,Lisa Kudrow,E24,S7
1994,Matt LeBlanc,E24,S7
1995,Matthew Perry,E24,S7
1996,David Schwimmer,E24,S7
1997,Gary Oldman,E24,S7
1998,Kathleen Turner,E24,S7
1999,Elliott Gould,E24,S7
2000,Morgan Fairchild,E24,S7
2001,Mark Roberts,E24,S7
2002,Christina Pickles,E24,S7
2003,Steve Susskind,E24,S7
2004,Peter James Smith,E24,S7
2005,Roger Hamilton,E24,S7
2006,Jennifer Aniston,E1,S8
2007,Courteney Cox,E1,S8
2008,Lisa Kudrow,E1,S8
2009,Matt LeBlanc,E1,S8
2010,Matthew Perry,E1,S8
2011,David Schwimmer,E1,S8
2012,Elliott Gould,E1,S8
2013,Morgan Fairchild,E1,S8
2014,Bonnie Somerville,E1,S8
2015,Jim Piddock,E1,S8
2016,Cole Sprouse,E1,S8
2017,Christina Pickles,E1,S8
2018,Allen Lulu,E1,S8
2019,Matthew Mullany,E1,S8
2020,Dane Anthony,E1,S8
2021,Steffani Brass,E1,S8
2022,Kendall Hebert,E1,S8
2023,Rachel Snow,E1,S8
2024,Jennifer Aniston,E2,S8
2025,Courteney Cox,E2,S8
2026,Lisa Kudrow,E2,S8
2027,Matt LeBlanc,E2,S8
2028,Matthew Perry,E2,S8
2029,David Schwimmer,E2,S8
2030,Eddie Cahill,E2,S8
2031,Phil Abrams,E2,S8
2032,Harry S. Murphy,E2,S8
2033,Teresa Parente,E2,S8
2034,Reggie Jordan,E2,S8
2035,George Alan,E2,S8
2036,James Michael Tyler,E2,S8
2037,Jennifer Aniston,E3,S8
2038,Courteney Cox,E3,S8
2039,Lisa Kudrow,E3,S8
2040,Matt LeBlanc,E3,S8
2041,Matthew Perry,E3,S8
2042,David Schwimmer,E3,S8
2043,Mike Hagerty,E3,S8
2044,Amanda Carlin,E3,S8
2045,Lyn Alicia Henderson,E3,S8
2046,Evie Peck,E3,S8
2047,John O'Brien,E3,S8
2048,Anita Dashiell,E3,S8
2049,Shane Nickerson,E3,S8
2050,Laurie Okin,E3,S8
2051,Kim Delgado,E3,S8
2052,Christopher Michael,E3,S8
2053,Jennifer Aniston,E4,S8
2054,Courteney Cox,E4,S8
2055,Lisa Kudrow,E4,S8
2056,Matt LeBlanc,E4,S8
2057,Matthew Perry,E4,S8
2058,David Schwimmer,E4,S8
2059,Lisa Thornhill,E4,S8
2060,Jennifer Aniston,E5,S8
2061,Courteney Cox,E5,S8
2062,Lisa Kudrow,E5,S8
2063,Matt LeBlanc,E5,S8
2064,Matthew Perry,E5,S8
2065,David Schwimmer,E5,S8
2066,Kevin Rahm,E5,S8
2067,Chris Parnell,E5,S8
2068,Bonnie Somerville,E5,S8
2069,Geoff Pierson,E5,S8
2070,Johnny Messner,E5,S8
2071,James Michael Tyler,E5,S8
2072,Jennifer Aniston,E6,S8
2073,Courteney Cox,E6,S8
2074,Lisa Kudrow,E6,S8
2075,Matt LeBlanc,E6,S8
2076,Matthew Perry,E6,S8
2077,David Schwimmer,E6,S8
2078,Sean Penn,E6,S8
2079,Bonnie Somerville,E6,S8
2080,James Michael Tyler,E6,S8
2081,Daniel E. Smith,E6,S8
2082,Rachel David,E6,S8
2083,Emily Osment,E6,S8
2084,Ivy Malone,E6,S8
2085,Jennifer Aniston,E7,S8
2086,Courteney Cox,E7,S8
2087,Lisa Kudrow,E7,S8
2088,Matt LeBlanc,E7,S8
2089,Matthew Perry,E7,S8
2090,David Schwimmer,E7,S8
2091,Sean Penn,E7,S8
2092,Arden Myrin,E7,S8
2093,James Michael Tyler,E7,S8
2094,Dale Raoul,E7,S8
2095,Jennifer Aniston,E8,S8
2096,Courteney Cox,E8,S8
2097,Lisa Kudrow,E8,S8
2098,Matt LeBlanc,E8,S8
2099,Matthew Perry,E8,S8
2100,David Schwimmer,E8,S8
2101,Ron Leibman,E8,S8
2102,Bonnie Somerville,E8,S8
2103,Jackie Debatin,E8,S8
2104,Fred Stoller,E8,S8
2105,Martin Yu,E8,S8
2106,James Michael Tyler,E8,S8
2107,Jennifer Aniston,E9,S8
2108,Courteney Cox,E9,S8
2109,Lisa Kudrow,E9,S8
2110,Matt LeBlanc,E9,S8
2111,Matthew Perry,E9,S8
2112,David Schwimmer,E9,S8
2113,Brad Pitt,E9,S8
2114,Jennifer Aniston,E10,S8
2115,Courteney Cox,E10,S8
2116,Lisa Kudrow,E10,S8
2117,Matt LeBlanc,E10,S8
2118,Matthew Perry,E10,S8
2119,David Schwimmer,E10,S8
2120,Trudie Styler,E10,S8
2121,Cole Sprouse,E10,S8
2122,Tammy Townsend,E10,S8
2123,Marla Sokoloff,E10,S8
2124,Marc Rose,E10,S8
2125,Janelle Pierzina,E10,S8
2126,James Michael Tyler,E10,S8
2127,Jennifer Aniston,E11,S8
2128,Courteney Cox,E11,S8
2129,Lisa Kudrow,E11,S8
2130,Matt LeBlanc,E11,S8
2131,Matthew Perry,E11,S8
2132,David Schwimmer,E11,S8
2133,Bonnie Somerville,E11,S8
2134,Sam McMurray,E11,S8
2135,Shawn Christian,E11,S8
2136,Evie Peck,E11,S8
2137,Wesley Thompson,E11,S8
2138,Ashley Clark,E11,S8
2139,James Michael Tyler,E11,S8
2140,Jennifer Aniston,E12,S8
2141,Courteney Cox,E12,S8
2142,Lisa Kudrow,E12,S8
2143,Matt LeBlanc,E12,S8
2144,Matthew Perry,E12,S8
2145,David Schwimmer,E12,S8
2146,Cole Sprouse,E12,S8
2147,Krista Allen,E12,S8
2148,Matthew Yang King,E12,S8
2149,Caryn Ward,E12,S8
2150,James Michael Tyler,E12,S8
2151,Jennifer Aniston,E13,S8
2152,Courteney Cox,E13,S8
2153,Lisa Kudrow,E13,S8
2154,Matt LeBlanc,E13,S8
2155,Matthew Perry,E13,S8
2156,David Schwimmer,E13,S8
2157,Amanda Carlin,E13,S8
2158,James Michael Tyler,E13,S8
2159,Jennifer Aniston,E14,S8
2160,Courteney Cox,E14,S8
2161,Lisa Kudrow,E14,S8
2162,Matt LeBlanc,E14,S8
2163,Matthew Perry,E14,S8
2164,David Schwimmer,E14,S8
2165,Amanda Carlin,E14,S8
2166,Richard Penn,E14,S8
2167,Joel Berti,E14,S8
2168,Jennifer Aniston,E15,S8
2169,Courteney Cox,E15,S8
2170,Lisa Kudrow,E15,S8
2171,Matt LeBlanc,E15,S8
2172,Matthew Perry,E15,S8
2173,David Schwimmer,E15,S8
2174,Bonnie Somerville,E15,S8
2175,James Michael Tyler,E15,S8
2176,Lauren Bush Lauren,E15,S8
2177,Jennifer Aniston,E16,S8
2178,Courteney Cox,E16,S8
2179,Lisa Kudrow,E16,S8
2180,Matt LeBlanc,E16,S8
2181,Matthew Perry,E16,S8
2182,David Schwimmer,E16,S8
2183,Harry Van Gorkum,E16,S8
2184,James Michael Tyler,E16,S8
2185,Sam Pancake,E16,S8
2186,Terence Paul Winter,E16,S8
2187,Jennifer Aniston,E17,S8
2188,Courteney Cox,E17,S8
2189,Lisa Kudrow,E17,S8
2190,Matt LeBlanc,E17,S8
2191,Matthew Perry,E17,S8
2192,David Schwimmer,E17,S8
2193,Alec Baldwin,E17,S8
2194,Bonnie Somerville,E17,S8
2195,James Le Gros,E17,S8
2196,Steve Ireland,E17,S8
2197,Mark Lutz,E17,S8
2198,Danielle Autumn Stratton,E17,S8
2199,Jennifer Aniston,E18,S8
2200,Courteney Cox,E18,S8
2201,Lisa Kudrow,E18,S8
2202,Matt LeBlanc,E18,S8
2203,Matthew Perry,E18,S8
2204,David Schwimmer,E18,S8
2205,Alec Baldwin,E18,S8
2206,Elliott Gould,E18,S8
2207,Christina Pickles,E18,S8
2208,Kat Sawyer,E18,S8
2209,Ellen Gerstein,E18,S8
2210,John C. Moskoff,E18,S8
2211,Tim Silva,E18,S8
2212,Aixa Clemente,E18,S8
2213,Bob Bencomo,E18,S8
2214,James Michael Tyler,E18,S8
2215,Jennifer Aniston,E19,S8
2216,Courteney Cox,E19,S8
2217,Lisa Kudrow,E19,S8
2218,Matt LeBlanc,E19,S8
2219,Matthew Perry,E19,S8
2220,David Schwimmer,E19,S8
2221,Sasha Alexander,E19,S8
2222,Charity Nicole James,E19,S8
2223,Elle Macpherson,E19,S8
2224,Jennifer Milmore,E19,S8
2225,Lauren Tom,E19,S8
2226,James Michael Tyler,E19,S8
2227,Reese Witherspoon,E19,S8
2228,Jennifer Aniston,E20,S8
2229,Courteney Cox,E20,S8
2230,Lisa Kudrow,E20,S8
2231,Matt LeBlanc,E20,S8
2232,Matthew Perry,E20,S8
2233,David Schwimmer,E20,S8
2234,Marlo Thomas,E20,S8
2235,Jonathan Nichols-Navarro,E20,S8
2236,Adria Tennor,E20,S8
2237,Lisa Avery,E20,S8
2238,Heather Sims,E20,S8
2239,Jennifer Aniston,E21,S8
2240,Courteney Cox,E21,S8
2241,Lisa Kudrow,E21,S8
2242,Matt LeBlanc,E21,S8
2243,Matthew Perry,E21,S8
2244,David Schwimmer,E21,S8
2245,Molly Hagan,E21,S8
2246,Rena Sofer,E21,S8
2247,Tucker Smallwood,E21,S8
2248,Tim Maculan,E21,S8
2249,Scott Richards,E21,S8
2250,James Michael Tyler,E21,S8
2251,Jennifer Aniston,E22,S8
2252,Courteney Cox,E22,S8
2253,Lisa Kudrow,E22,S8
2254,Matt LeBlanc,E22,S8
2255,Matthew Perry,E22,S8
2256,David Schwimmer,E22,S8
2257,June Gable,E22,S8
2258,Amanda Carlin,E22,S8
2259,Ben Shephard,E22,S8
2260,James Michael Tyler,E22,S8
2261,Jennifer Aniston,E23,S8
2262,Courteney Cox,E23,S8
2263,Lisa Kudrow,E23,S8
2264,Matt LeBlanc,E23,S8
2265,Matthew Perry,E23,S8
2266,David Schwimmer,E23,S8
2267,Amanda Carlin,E23,S8
2268,Debi Mazar,E23,S8
2269,Eddie McClintock,E23,S8
2270,Maurice Godin,E23,S8
2271,Rachael Harris,E23,S8
2272,Tim DeKay,E23,S8
2273,JoNell Kennedy,E23,S8
2274,Henriette Mantel,E23,S8
2275,Maggie Wheeler,E23,S8
2276,Christina Pickles,E23,S8
2277,Mark Daniel Cade,E23,S8
2278,Laura Margolis,E23,S8
2279,Jennifer Aniston,E24,S8
2280,Courteney Cox,E24,S8
2281,Lisa Kudrow,E24,S8
2282,Matt LeBlanc,E24,S8
2283,Matthew Perry,E24,S8
2284,David Schwimmer,E24,S8
2285,Amanda Carlin,E24,S8
2286,Maggie Wheeler,E24,S8
2287,Eddie McClintock,E24,S8
2288,Mikey Evgen,E24,S8
2289,Maurice Godin,E24,S8
2290,Bryce Green,E24,S8
2291,Preston Green,E24,S8
2292,Jennifer Aniston,E1,S9
2293,Courteney Cox,E1,S9
2294,Lisa Kudrow,E1,S9
2295,Matt LeBlanc,E1,S9
2296,Matthew Perry,E1,S9
2297,David Schwimmer,E1,S9
2298,Elliott Gould,E1,S9
2299,Cleo King,E1,S9
2300,Elizabeth Davidson,E1,S9
2301,Jennifer Aniston,E2,S9
2302,Courteney Cox,E2,S9
2303,Lisa Kudrow,E2,S9
2304,Matt LeBlanc,E2,S9
2305,Matthew Perry,E2,S9
2306,David Schwimmer,E2,S9
2307,James Michael Tyler,E2,S9
2308,Janet Hubert,E2,S9
2309,Elizabeth Davidson,E2,S9
2310,Michael Kurtz,E2,S9
2311,Jennifer Aniston,E3,S9
2312,Courteney Cox,E3,S9
2313,Lisa Kudrow,E3,S9
2314,Matt LeBlanc,E3,S9
2315,Matthew Perry,E3,S9
2316,David Schwimmer,E3,S9
2317,Paul Rudd,E3,S9
2318,Dedee Pfeiffer,E3,S9
2319,Elaine Hendrix,E3,S9
2320,Gregory White,E3,S9
2321,Angee Hughes,E3,S9
2322,Greta Sesheta,E3,S9
2323,Ashly Holloway,E3,S9
2324,Logan Hudson,E3,S9
2325,Elizabeth Davidson,E3,S9
2326,Kim Harris,E3,S9
2327,Jodi Knotts,E3,S9
2328,James Michael Tyler,E3,S9
2329,Jennifer Aniston,E4,S9
2330,Courteney Cox,E4,S9
2331,Lisa Kudrow,E4,S9
2332,Matt LeBlanc,E4,S9
2333,Matthew Perry,E4,S9
2334,David Schwimmer,E4,S9
2335,Paul Rudd,E4,S9
2336,James Michael Tyler,E4,S9
2337,Susan Ward,E4,S9
2338,Nikita Ager,E4,S9
2339,Phil Donlon,E4,S9
2340,Jennifer Aniston,E5,S9
2341,Courteney Cox,E5,S9
2342,Lisa Kudrow,E5,S9
2343,Matt LeBlanc,E5,S9
2344,Matthew Perry,E5,S9
2345,David Schwimmer,E5,S9
2346,Dan Bucatinsky,E5,S9
2347,Christina Pickles,E5,S9
2348,Kevin Farrell,E5,S9
2349,Monique Edwards,E5,S9
2350,Brian Chenoweth,E5,S9
2351,Elizabeth Davidson,E5,S9
2352,James Michael Tyler,E5,S9
2353,Jennifer Aniston,E6,S9
2354,Courteney Cox,E6,S9
2355,Lisa Kudrow,E6,S9
2356,Matt LeBlanc,E6,S9
2357,Matthew Perry,E6,S9
2358,David Schwimmer,E6,S9
2359,Hank Azaria,E6,S9
2360,Paul Rudd,E6,S9
2361,Freddie Prinze Jr.,E6,S9
2362,Susan Slome,E6,S9
2363,Michael Burgess,E6,S9
2364,Elizabeth Davidson,E6,S9
2365,James Michael Tyler,E6,S9
2366,Jennifer Aniston,E7,S9
2367,Courteney Cox,E7,S9
2368,Lisa Kudrow,E7,S9
2369,Matt LeBlanc,E7,S9
2370,Matthew Perry,E7,S9
2371,David Schwimmer,E7,S9
2372,Paul Rudd,E7,S9
2373,Gregory Itzin,E7,S9
2374,Cristine Rose,E7,S9
2375,Robin Krieger,E7,S9
2376,Elizabeth Davidson,E7,S9
2377,Andre Lachaumette,E7,S9
2378,Jennifer Aniston,E8,S9
2379,Courteney Cox,E8,S9
2380,Lisa Kudrow,E8,S9
2381,Matt LeBlanc,E8,S9
2382,Matthew Perry,E8,S9
2383,David Schwimmer,E8,S9
2384,Christina Applegate,E8,S9
2385,Jennifer Aniston,E9,S9
2386,Courteney Cox,E9,S9
2387,Lisa Kudrow,E9,S9
2388,Matt LeBlanc,E9,S9
2389,Matthew Perry,E9,S9
2390,David Schwimmer,E9,S9
2391,Paul Rudd,E9,S9
2392,Alan F. Smith,E9,S9
2393,Irene White,E9,S9
2394,Chris Payne Gilbert,E9,S9
2395,Kevin Brief,E9,S9
2396,Jennifer Aniston,E10,S9
2397,Courteney Cox,E10,S9
2398,Lisa Kudrow,E10,S9
2399,Matt LeBlanc,E10,S9
2400,Matthew Perry,E10,S9
2401,David Schwimmer,E10,S9
2402,Selma Blair,E10,S9
2403,Brian Chenoweth,E10,S9
2404,Monique Edwards,E10,S9
2405,Cole Sprouse,E10,S9
2406,Jennifer Aniston,E11,S9
2407,Courteney Cox,E11,S9
2408,Lisa Kudrow,E11,S9
2409,Matt LeBlanc,E11,S9
2410,Matthew Perry,E11,S9
2411,David Schwimmer,E11,S9
2412,Dermot Mulroney,E11,S9
2413,Steve Ireland,E11,S9
2414,Evan Handler,E11,S9
2415,Phill Lewis,E11,S9
2416,Alexandra Margulies,E11,S9
2417,Heather Sims,E11,S9
2418,Paul Logan,E11,S9
2419,Elizabeth Davidson,E11,S9
2420,James Michael Tyler,E11,S9
2421,Jennifer Aniston,E12,S9
2422,Courteney Cox,E12,S9
2423,Lisa Kudrow,E12,S9
2424,Matt LeBlanc,E12,S9
2425,Matthew Perry,E12,S9
2426,David Schwimmer,E12,S9
2427,Paul Rudd,E12,S9
2428,Dermot Mulroney,E12,S9
2429,Melissa George,E12,S9
2430,Carly Thomas Smith,E12,S9
2431,Cheryl Kennard,E12,S9
2432,Elizabeth Davidson,E12,S9
2433,James Michael Tyler,E12,S9
2434,Jennifer Aniston,E13,S9
2435,Courteney Cox,E13,S9
2436,Lisa Kudrow,E13,S9
2437,Matt LeBlanc,E13,S9
2438,Matthew Perry,E13,S9
2439,David Schwimmer,E13,S9
2440,Paul Rudd,E13,S9
2441,Dermot Mulroney,E13,S9
2442,Melissa George,E13,S9
2443,Jennifer Aspen,E13,S9
2444,Lori Alan,E13,S9
2445,Lisa Avery,E13,S9
2446,Kristen Ariza,E13,S9
2447,DeAnna Kane,E13,S9
2448,Megan Linder,E13,S9
2449,Gregory Graham,E13,S9
2450,James Michael Tyler,E13,S9
2451,Jennifer Aniston,E14,S9
2452,Courteney Cox,E14,S9
2453,Lisa Kudrow,E14,S9
2454,Matt LeBlanc,E14,S9
2455,Matthew Perry,E14,S9
2456,David Schwimmer,E14,S9
2457,Jon Lovitz,E14,S9
2458,Sam Pancake,E14,S9
2459,John Eric Bentley,E14,S9
2460,James Michael Tyler,E14,S9
2461,Geoff Wingham,E14,S9
2462,Jennifer Aniston,E15,S9
2463,Courteney Cox,E15,S9
2464,Lisa Kudrow,E15,S9
2465,Matt LeBlanc,E15,S9
2466,Matthew Perry,E15,S9
2467,David Schwimmer,E15,S9
2468,Jeff Goldblum,E15,S9
2469,Phill Lewis,E15,S9
2470,Teck Holmes,E15,S9
2471,Kyle Gass,E15,S9
2472,Suzanne Ford,E15,S9
2473,Michelle Anne Johnson,E15,S9
2474,Bernard Curioso,E15,S9
2475,James Michael Tyler,E15,S9
2476,Jennifer Aniston,E16,S9
2477,Courteney Cox,E16,S9
2478,Lisa Kudrow,E16,S9
2479,Matt LeBlanc,E16,S9
2480,Matthew Perry,E16,S9
2481,David Schwimmer,E16,S9
2482,Paul Rudd,E16,S9
2483,Timothy Starks,E16,S9
2484,James Michael Tyler,E16,S9
2485,Jennifer Aniston,E17,S9
2486,Courteney Cox,E17,S9
2487,Lisa Kudrow,E17,S9
2488,Matt LeBlanc,E17,S9
2489,Matthew Perry,E17,S9
2490,David Schwimmer,E17,S9
2491,Paul Rudd,E17,S9
2492,Ivana Milicevic,E17,S9
2493,Jonathan Slavin,E17,S9
2494,Ernie Grunwald,E17,S9
2495,James Michael Tyler,E17,S9
2496,Jennifer Aniston,E18,S9
2497,Courteney Cox,E18,S9
2498,Lisa Kudrow,E18,S9
2499,Matt LeBlanc,E18,S9
2500,Matthew Perry,E18,S9
2501,David Schwimmer,E18,S9
2502,James Michael Tyler,E18,S9
2503,Phill Lewis,E18,S9
2504,Jennifer Aniston,E19,S9
2505,Courteney Cox,E19,S9
2506,Lisa Kudrow,E19,S9
2507,Matt LeBlanc,E19,S9
2508,Matthew Perry,E19,S9
2509,David Schwimmer,E19,S9
2510,Marisol Nichols,E19,S9
2511,Joe Colligan,E19,S9
2512,Blake Reed,E19,S9
2513,Shayne Anderson,E19,S9
2514,Keith Pillow,E19,S9
2515,Johnny Sneed,E19,S9
2516,Susan Chuang,E19,S9
2517,James Michael Tyler,E19,S9
2518,Jennifer Aniston,E20,S9
2519,Courteney Cox,E20,S9
2520,Lisa Kudrow,E20,S9
2521,Matt LeBlanc,E20,S9
2522,Matthew Perry,E20,S9
2523,David Schwimmer,E20,S9
2524,Aisha Tyler,E20,S9
2525,James Michael Tyler,E20,S9
2526,Ken Lerner,E20,S9
2527,Alex Borstein,E20,S9
2528,Ethan Erickson,E20,S9
2529,Matthew Ashford,E20,S9
2530,Kyle Lowder,E20,S9
2531,Al Collado,E20,S9
2532,Farah Fath,E20,S9
2533,Heather Sims,E20,S9
2534,Alexis Thorpe,E20,S9
2535,Jennifer Aniston,E21,S9
2536,Courteney Cox,E21,S9
2537,Lisa Kudrow,E21,S9
2538,Matt LeBlanc,E21,S9
2539,Matthew Perry,E21,S9
2540,David Schwimmer,E21,S9
2541,Aisha Tyler,E21,S9
2542,Maggie Wheeler,E21,S9
2543,Myra Turley,E21,S9
2544,Debra Azar,E21,S9
2545,James Michael Tyler,E21,S9
2546,Jennifer Aniston,E22,S9
2547,Courteney Cox,E22,S9
2548,Lisa Kudrow,E22,S9
2549,Matt LeBlanc,E22,S9
2550,Matthew Perry,E22,S9
2551,David Schwimmer,E22,S9
2552,Hank Azaria,E22,S9
2553,John Stamos,E22,S9
2554,Aisha Tyler,E22,S9
2555,Andy Umberger,E22,S9
2556,Dan Desmond,E22,S9
2557,Cynthia Newman,E22,S9
2558,Kim Harris,E22,S9
2559,Tracy Silver,E22,S9
2560,James Michael Tyler,E22,S9
2561,Jennifer Aniston,E23,S9
2562,Courteney Cox,E23,S9
2563,Lisa Kudrow,E23,S9
2564,Matt LeBlanc,E23,S9
2565,Matthew Perry,E23,S9
2566,David Schwimmer,E23,S9
2567,Hank Azaria,E23,S9
2568,Paul Rudd,E23,S9
2569,Aisha Tyler,E23,S9
2570,John Balma,E23,S9
2571,Audrey Wasilewski,E23,S9
2572,Joe Everett Michaels,E23,S9
2573,Alison Shanks,E23,S9
2574,Jason Carroll,E23,S9
2575,Robert Alan Beuth,E23,S9
2576,Bill Blair,E23,S9
2577,Tony Sagastizado I,E23,S9
2578,Cali Sheldon,E23,S9
2579,Jennifer Aniston,E1,S10
2580,Courteney Cox,E1,S10
2581,Lisa Kudrow,E1,S10
2582,Matt LeBlanc,E1,S10
2583,Matthew Perry,E1,S10
2584,David Schwimmer,E1,S10
2585,Paul Rudd,E1,S10
2586,Aisha Tyler,E1,S10
2587,Anne Dudek,E1,S10
2588,Cali Sheldon,E1,S10
2589,Noelle Sheldon,E1,S10
2590,Jennifer Aniston,E2,S10
2591,Courteney Cox,E2,S10
2592,Lisa Kudrow,E2,S10
2593,Matt LeBlanc,E2,S10
2594,Matthew Perry,E2,S10
2595,David Schwimmer,E2,S10
2596,Giovanni Ribisi,E2,S10
2597,Aisha Tyler,E2,S10
2598,Daryl Sabara,E2,S10
2599,Jim Meskimen,E2,S10
2600,Kellie Waymire,E2,S10
2601,Allisyn Snyder,E2,S10
2602,Sierra Marcoux,E2,S10
2603,Dante Pastula,E2,S10
2604,Mary Castro,E2,S10
2605,John Damien Ryan,E2,S10
2606,James Michael Tyler,E2,S10
2607,Jennifer Aniston,E3,S10
2608,Courteney Cox,E3,S10
2609,Lisa Kudrow,E3,S10
2610,Matt LeBlanc,E3,S10
2611,Matthew Perry,E3,S10
2612,David Schwimmer,E3,S10
2613,Jennifer Coolidge,E3,S10
2614,Luis Antonio Ramos,E3,S10
2615,Iris Bahr,E3,S10
2616,Jennifer Aniston,E4,S10
2617,Courteney Cox,E4,S10
2618,Lisa Kudrow,E4,S10
2619,Matt LeBlanc,E4,S10
2620,Matthew Perry,E4,S10
2621,David Schwimmer,E4,S10
2622,Elliott Gould,E4,S10
2623,June Gable,E4,S10
2624,Christina Pickles,E4,S10
2625,Cali Sheldon,E4,S10
2626,Noelle Sheldon,E4,S10
2627,Jennifer Aniston,E5,S10
2628,Courteney Cox,E5,S10
2629,Lisa Kudrow,E5,S10
2630,Matt LeBlanc,E5,S10
2631,Matthew Perry,E5,S10
2632,David Schwimmer,E5,S10
2633,Christina Applegate,E5,S10
2634,Paul Rudd,E5,S10
2635,Aisha Tyler,E5,S10
2636,John Rhymes,E5,S10
2637,Cali Sheldon,E5,S10
2638,Noelle Sheldon,E5,S10
2639,James Michael Tyler,E5,S10
2640,Jennifer Aniston,E6,S10
2641,Courteney Cox,E6,S10
2642,Lisa Kudrow,E6,S10
2643,Matt LeBlanc,E6,S10
2644,Matthew Perry,E6,S10
2645,David Schwimmer,E6,S10
2646,Greg Kinnear,E6,S10
2647,Aisha Tyler,E6,S10
2648,Ming Lo,E6,S10
2649,Cathy Lind Hayes,E6,S10
2650,Cali Sheldon,E6,S10
2651,Noelle Sheldon,E6,S10
2652,Jennifer Aniston,E7,S10
2653,Courteney Cox,E7,S10
2654,Lisa Kudrow,E7,S10
2655,Matt LeBlanc,E7,S10
2656,Matthew Perry,E7,S10
2657,David Schwimmer,E7,S10
2658,Paul Rudd,E7,S10
2659,Maria Pitillo,E7,S10
2660,Matt Winston,E7,S10
2661,Cali Sheldon,E7,S10
2662,Noelle Sheldon,E7,S10
2663,Jennifer Aniston,E8,S10
2664,Courteney Cox,E8,S10
2665,Lisa Kudrow,E8,S10
2666,Matt LeBlanc,E8,S10
2667,Matthew Perry,E8,S10
2668,David Schwimmer,E8,S10
2669,Cali Sheldon,E8,S10
2670,Noelle Sheldon,E8,S10
2671,Jennifer Aniston,E9,S10
2672,Courteney Cox,E9,S10
2673,Lisa Kudrow,E9,S10
2674,Matt LeBlanc,E9,S10
2675,Matthew Perry,E9,S10
2676,David Schwimmer,E9,S10
2677,Anna Faris,E9,S10
2678,Jim O'Heir,E9,S10
2679,Annie Parisse,E9,S10
2680,Jorge Luis Abreu,E9,S10
2681,Carla Toutz,E9,S10
2682,Cali Sheldon,E9,S10
2683,Noelle Sheldon,E9,S10
2684,Jennifer Aniston,E10,S10
2685,Courteney Cox,E10,S10
2686,Lisa Kudrow,E10,S10
2687,Matt LeBlanc,E10,S10
2688,Matthew Perry,E10,S10
2689,David Schwimmer,E10,S10
2690,Danielle Vasinova,E10,S10
2691,Cali Sheldon,E10,S10
2692,Noelle Sheldon,E10,S10
2693,James Michael Tyler,E10,S10
2694,Jennifer Aniston,E11,S10
2695,Courteney Cox,E11,S10
2696,Lisa Kudrow,E11,S10
2697,Matt LeBlanc,E11,S10
2698,Matthew Perry,E11,S10
2699,David Schwimmer,E11,S10
2700,Danny DeVito,E11,S10
2701,Ellen Pompeo,E11,S10
2702,Donny Osmond,E11,S10
2703,Gregory Jbara,E11,S10
2704,Leslie Charleson,E11,S10
2705,Kimberley Davies,E11,S10
2706,Ryan Carlberg,E11,S10
2707,Cyndi Martino,E11,S10
2708,Matthew Mullany,E11,S10
2709,George Adams,E11,S10
2710,Valerie Anastasias,E11,S10
2711,John O. Nelson,E11,S10
2712,Jennifer Aniston,E12,S10
2713,Courteney Cox,E12,S10
2714,Lisa Kudrow,E12,S10
2715,Matt LeBlanc,E12,S10
2716,Matthew Perry,E12,S10
2717,David Schwimmer,E12,S10
2718,Paul Rudd,E12,S10
2719,James Michael Tyler,E12,S10
2720,Gregory Itzin,E12,S10
2721,Cristine Rose,E12,S10
2722,Chris McNair,E12,S10
2723,Jennifer Aniston,E13,S10
2724,Courteney Cox,E13,S10
2725,Lisa Kudrow,E13,S10
2726,Matt LeBlanc,E13,S10
2727,Matthew Perry,E13,S10
2728,David Schwimmer,E13,S10
2729,Anna Faris,E13,S10
2730,Ron Leibman,E13,S10
2731,Hira Ambrosino,E13,S10
2732,Alex Craig Mann,E13,S10
2733,Tim Rhoze,E13,S10
2734,André Fortin,E13,S10
2735,Ray Quiroga,E13,S10
2736,Cali Sheldon,E13,S10
2737,Noelle Sheldon,E13,S10
2738,Jennifer Aniston,E14,S10
2739,Courteney Cox,E14,S10
2740,Lisa Kudrow,E14,S10
2741,Matt LeBlanc,E14,S10
2742,Matthew Perry,E14,S10
2743,David Schwimmer,E14,S10
2744,Paul Rudd,E14,S10
2745,Dakota Fanning,E14,S10
2746,Steven Eckholdt,E14,S10
2747,James Michael Tyler,E14,S10
2748,Steve Ireland,E14,S10
2749,Brent Spiner,E14,S10
2750,Tom Dugan,E14,S10
2751,Helen Eigenberg,E14,S10
2752,Mary Margaret Lewis,E14,S10
2753,Craig Robinson,E14,S10
2754,Alex Ball,E14,S10
2755,Jennifer Aniston,E15,S10
2756,Courteney Cox,E15,S10
2757,Lisa Kudrow,E15,S10
2758,Matt LeBlanc,E15,S10
2759,Matthew Perry,E15,S10
2760,David Schwimmer,E15,S10
2761,Steve Ireland,E15,S10
2762,Jane Lynch,E15,S10
2763,Maggie Wheeler,E15,S10
2764,E.J. Callahan,E15,S10
2765,Cali Sheldon,E15,S10
2766,Noelle Sheldon,E15,S10
2767,Jennifer Aniston,E16,S10
2768,Courteney Cox,E16,S10
2769,Lisa Kudrow,E16,S10
2770,Matt LeBlanc,E16,S10
2771,Matthew Perry,E16,S10
2772,David Schwimmer,E16,S10
2773,Anna Faris,E16,S10
2774,Jennifer Aniston,E17,S10
2775,Courteney Cox,E17,S10
2776,Lisa Kudrow,E17,S10
2777,Matt LeBlanc,E17,S10
2778,Matthew Perry,E17,S10
2779,David Schwimmer,E17,S10
2780,Paul Rudd,E17,S10
2781,Anna Faris,E17,S10
2782,John Rubinstein,E17,S10
2783,James Michael Tyler,E17,S10
2784,Jim Rash,E17,S10
2785,Carole Gutierrez,E17,S10
2786,Jason Kravits,E17,S10
2787,Anthony Cistaro,E17,S10
2788,Manao DeMuth,E17,S10
2789,Brian Palermo,E17,S10
2790,Michelle Pereira,E17,S10
2791,Vincent Boyle,E17,S10
